time_stamp,humidity,temperature,pressure,pm2.5_alt_a,pm2.5_alt_b,pm2.5_atm_a,pm2.5_atm_b,pm2.5_cf_1_a,pm2.5_cf_1_b
2024-12-28T00:00:00Z,52,30.334,1005.689,14.8,15.9,32.88,35.689,32.965,36.067
2024-12-28T01:00:00Z,52.7,30,1005.382,15.3,16.3,33.907,36.596,34.388,37.347
2024-12-28T02:00:00Z,53.334,30.166,1005.061,13.8,15,30.624,33.84,30.624,33.937
2024-12-28T03:00:00Z,54.133,31,1004.348,13.3,14.4,29.075,32.11,29.081,32.124
2024-12-28T04:00:00Z,54.233,31,1003.899,14,15.3,30.94,34.34,30.966,34.59
2024-12-28T05:00:00Z,54.733,32,1003.515,15.2,16.8,33.2,36.386,33.533,37.282
2024-12-28T06:00:00Z,56.233,33.734,1003.248,16.7,17.9,35.21,37.788,35.956,39.318
2024-12-28T07:00:00Z,58.8,35.867,1003.215,20.1,22.1,39.52,42.639,42.744,47.793
2024-12-28T08:00:00Z,59.567,36.9,1002.428,20.7,22.7,39.934,43.064,43.754,48.686
2024-12-28T09:00:00Z,60.433,36.9,1001.829,21.9,24,41.652,44.825,46.478,51.662
2024-12-28T10:00:00Z,61.5,37,1001.419,22.9,25.3,42.755,46.172,48.476,54.401
2024-12-28T11:00:00Z,62,37.166,1001.33,23.1,25.4,42.93,46.115,48.897,54.57
2024-12-28T12:00:00Z,62.034,38.034,1001.451,24.4,26.7,43.6,46.962,51.182,56.95
2024-12-28T13:00:00Z,62.433,39.033,1001.547,22.3,24.6,40.87,43.897,46.207,51.483
2024-12-28T14:00:00Z,63.7,40.466,1001.784,16,17.7,30.54,33.436,31.553,35.434
2024-12-28T15:00:00Z,64.467,41.834,1001.554,10.5,11.5,19.175,21.621,19.175,21.621
2024-12-28T16:00:00Z,64.8,43.367,1000.901,7.1,7.9,12.114,14.072,12.114,14.072
2024-12-28T17:00:00Z,65.367,44.7,999.967,6.6,7.4,10.726,12.383,10.803,12.517
2024-12-28T18:00:00Z,64.9,45.5,999.379,7.4,8.1,11.883,13.764,11.883,13.764
2024-12-28T19:00:00Z,64.867,45,999.487,7.3,8.1,12.333,14.031,12.333,14.031
2024-12-28T20:00:00Z,64.966,44.733,999.793,7.1,8.1,12.128,14.047,12.128,14.047
2024-12-28T21:00:00Z,64.1,43.7,1000.029,7,7.9,12.359,13.966,12.359,13.966
2024-12-28T22:00:00Z,64.367,42.9,1000.159,7,7.8,12.487,13.823,12.487,13.823
2024-12-28T23:00:00Z,65.267,42.267,1000.45,6.5,7.3,11.367,13.146,11.367,13.146
2024-12-29T00:00:00Z,65.334,42.9,1000.257,5.7,6.3,9.872,11.148,9.872,11.148
2024-12-29T01:00:00Z,66.034,43,1000.291,5.5,6,9.162,10.357,9.162,10.357
2024-12-29T02:00:00Z,65.466,43,1000.322,5.9,6.6,9.939,11.709,9.939,11.709
2024-12-29T03:00:00Z,65.333,42.933,1000.212,5.7,6.3,9.681,11.431,9.681,11.431
2024-12-29T04:00:00Z,65.733,42.966,999.991,5.5,6.1,9.036,10.86,9.036,10.86
2024-12-29T05:00:00Z,66.7,43,999.777,5.5,5.9,8.947,10.461,8.947,10.461
2024-12-29T06:00:00Z,65.867,43,999.827,5.6,6,9.157,10.607,9.157,10.607
2024-12-29T07:00:00Z,65.5,43,1000.034,4.8,5.2,7.582,8.831,7.582,8.831
2024-12-29T08:00:00Z,66.733,43,999.987,3.5,3.7,5.126,5.763,5.126,5.763
2024-12-29T09:00:00Z,66.166,43,999.621,3.2,3.2,4.631,5.112,4.631,5.112
2024-12-29T10:00:00Z,66,43,999.404,3,3.1,4.423,4.941,4.423,4.941
2024-12-29T11:00:00Z,66,43,998.949,2.9,3,4.196,4.646,4.196,4.646
2024-12-29T12:00:00Z,65.834,43,998.128,2.9,3,4.197,4.581,4.197,4.581
2024-12-29T13:00:00Z,65.867,43,998.067,2.7,2.7,3.83,4.163,3.83,4.163
2024-12-29T14:00:00Z,66.2,43.233,997.728,3.3,3.5,4.912,5.593,4.912,5.593
2024-12-29T15:00:00Z,66,44,996.935,17.8,18,26.091,27.274,35.519,36.939
2024-12-29T16:00:00Z,66.9,45.033,995.321,4.1,4.3,6.3,7.088,6.3,7.088
2024-12-29T17:00:00Z,70.5,47.5,993.378,5.9,6.3,9.809,10.57,10.372,11.258
2024-12-29T18:00:00Z,74.034,51.267,992.25,5.1,5.6,8.076,9.585,8.296,9.962
2024-12-29T19:00:00Z,74,52.834,991.348,4,4.5,5.694,6.947,5.694,6.947
2024-12-29T20:00:00Z,73.6,54.2,990.863,4.8,5.1,7.025,8.038,7.025,8.038
2024-12-29T21:00:00Z,72.934,55.067,990.404,5.6,6.1,8.259,9.316,8.259,9.316
2024-12-29T22:00:00Z,73.6,56.3,989.149,6.4,7.1,9.625,11.204,9.78,11.462
2024-12-29T23:00:00Z,72.334,56.666,988.514,4.4,4.7,6.55,7.414,6.55,7.414
2024-12-30T00:00:00Z,71.1,56.867,987.634,2.6,2.7,3.393,3.936,3.393,3.936
2024-12-30T01:00:00Z,70.767,57.067,986.839,1.8,1.8,2.215,2.309,2.215,2.309
2024-12-30T02:00:00Z,71.966,57,985.913,1.8,1.7,2.145,2.261,2.145,2.261
2024-12-30T03:00:00Z,72.4,57.534,985.035,1.5,1.5,1.629,1.767,1.629,1.767
2024-12-30T04:00:00Z,73.3,58.1,983.642,0.8,0.7,0.479,0.487,0.479,0.487
2024-12-30T05:00:00Z,72.966,59,982.224,0.7,0.6,0.313,0.253,0.313,0.253
2024-12-30T06:00:00Z,72.566,59.534,981.149,0.6,0.5,0.127,0.13,0.127,0.13
2024-12-30T07:00:00Z,72.7,60,980.28,0.5,0.3,0.068,0.032,0.068,0.032
2024-12-30T08:00:00Z,72.167,60,979.393,0.4,0.3,0.029,0.017,0.029,0.017
2024-12-30T09:00:00Z,72.2,60,978.646,0.4,0.3,0.041,0.004,0.041,0.004
2024-12-30T10:00:00Z,72.034,60,977.99,0.4,0.3,0.031,0.013,0.031,0.013
2024-12-30T11:00:00Z,71.966,60,977.387,0.6,0.5,0.079,0.072,0.079,0.072
2024-12-30T12:00:00Z,72,59.9,977.307,0.8,0.8,0.505,0.502,0.505,0.502
2024-12-30T13:00:00Z,71.267,60,977.598,0.9,0.8,0.561,0.548,0.561,0.548
2024-12-30T14:00:00Z,68.733,60.267,978.12,0.9,0.9,0.657,0.738,0.657,0.738
2024-12-30T15:00:00Z,57.3,60.867,978.301,0.5,0.5,0.083,0.054,0.083,0.054
2024-12-30T16:00:00Z,47.633,60.933,978.101,0.6,0.6,0.143,0.16,0.143,0.16
2024-12-30T17:00:00Z,43.334,59.5,978.228,0.3,0.3,0.014,0.007,0.014,0.007
2024-12-30T18:00:00Z,41.933,57.6,978.683,0.2,0.2,0.008,0,0.008,0
2024-12-30T19:00:00Z,40.3,56.633,978.94,0.2,0.1,0.005,0.004,0.005,0.004
2024-12-30T20:00:00Z,41.7,56.2,979.731,0.2,0.1,0,0.005,0,0.005
2024-12-30T21:00:00Z,45.9,54,980.817,0.2,0.1,0,0,0,0
2024-12-30T22:00:00Z,52.4,51.333,981.706,0.6,0.6,0.55,0.551,0.55,0.552
2024-12-30T23:00:00Z,57.7,50.3,982.384,1.6,1.5,2.176,2.111,2.186,2.116
2024-12-31T00:00:00Z,59.633,49.966,983.168,0.8,0.7,0.778,0.814,0.782,0.827
2024-12-31T01:00:00Z,59.1,49.6,984.421,0.9,0.9,0.882,0.773,0.882,0.773
2024-12-31T02:00:00Z,57.934,49.666,985.078,0.3,0.3,0.044,0.022,0.044,0.022
2024-12-31T03:00:00Z,59.883,48.6,985.783,7.6,7.4,11.544,11.754,13.877,14.133
2024-12-31T04:00:00Z,56.1,48.1,986.132,0.8,0.6,0.588,0.474,0.588,0.474
2024-12-31T05:00:00Z,56.334,47.367,986.385,0.5,0.4,0.059,0.026,0.059,0.026
2024-12-31T06:00:00Z,56.666,46.4,986.817,1.1,1.1,1.111,1.135,1.111,1.135
2024-12-31T07:00:00Z,59.1,43.933,987.457,1.4,1.4,1.639,1.772,1.639,1.772
2024-12-31T08:00:00Z,61.433,42.034,987.92,1.8,1.9,2.37,2.649,2.37,2.649
2024-12-31T09:00:00Z,62.4,41,988.482,2.2,2.2,2.926,3.176,2.926,3.176
2024-12-31T10:00:00Z,62.933,40.334,989.153,2.3,2.4,3.232,3.563,3.232,3.563
2024-12-31T11:00:00Z,63,39.267,989.69,2.6,2.6,3.681,3.968,3.681,3.968
2024-12-31T12:00:00Z,63.034,38.767,990.117,3.5,3.6,5.45,5.996,5.45,5.996
2024-12-31T13:00:00Z,64,39.2,990.418,2.8,2.9,4.09,4.543,4.09,4.543
2024-12-31T14:00:00Z,63.666,42.133,990.774,2.4,2.5,3.324,3.777,3.324,3.777
2024-12-31T15:00:00Z,56.133,47,990.375,2.6,2.7,3.632,4.122,3.632,4.122
2024-12-31T16:00:00Z,48.834,50.5,989.307,2.2,2.3,2.981,3.482,2.981,3.482
2024-12-31T17:00:00Z,46.505,51,988.304,2.3,2.4,3.115,3.516,3.115,3.516
2024-12-31T18:00:00Z,46.15,51.666,987.681,2,2.1,2.656,3.112,2.656,3.112
2024-12-31T19:00:00Z,45.334,51.933,987.137,2.3,2.4,3.088,3.606,3.088,3.606
2024-12-31T20:00:00Z,47.433,52,987.044,2.1,2.2,2.762,3.213,2.762,3.213
2024-12-31T21:00:00Z,51.8,50.734,986.876,2.7,2.8,3.711,4.265,3.711,4.265
2024-12-31T22:00:00Z,55.4,48.466,987.087,2.6,2.8,3.779,4.273,3.779,4.273
2024-12-31T23:00:00Z,57.666,47.034,986.787,3.2,3.5,4.76,5.457,4.76,5.457
2025-01-01T00:00:00Z,57.4,47,986.04,5.4,5.7,8.761,9.629,8.761,9.629
2025-01-01T01:00:00Z,56.334,47.433,984.408,3.9,3.9,5.744,6.209,5.744,6.209
2025-01-01T02:00:00Z,58.433,46.334,983.286,3.3,3.4,4.884,5.319,4.884,5.319
2025-01-01T03:00:00Z,59.334,45.1,981.743,2.9,3.1,4.311,4.744,4.311,4.744
2025-01-01T04:00:00Z,61.267,45.9,980.857,3.3,3.4,4.792,5.269,4.792,5.269
2025-01-01T05:00:00Z,64.466,45.966,980.158,3.5,3.7,5.163,5.742,5.163,5.742
2025-01-01T06:00:00Z,66.934,45.166,977.611,3.5,3.5,5.238,5.572,5.238,5.572
2025-01-01T07:00:00Z,66.933,45.8,977.333,3.5,3.7,5.157,5.705,5.157,5.705
2025-01-01T08:00:00Z,66.966,46.034,977.067,4.2,4.5,6.238,7.121,6.238,7.121
2025-01-01T09:00:00Z,67,46.233,976.83,4.1,4.4,6.277,7.055,6.277,7.055
2025-01-01T10:00:00Z,66.9,47,976.616,3.5,3.9,5.273,6.032,5.273,6.032
2025-01-01T11:00:00Z,66.2,47,976.503,3.9,4.1,5.838,6.398,5.838,6.398
2025-01-01T12:00:00Z,66.1,47,976.149,10.2,10.9,15.13,16.694,17.846,19.748
2025-01-01T13:00:00Z,66,47,976.288,3.8,4.1,5.575,6.399,5.575,6.399
2025-01-01T14:00:00Z,66,47.334,976.674,4.5,5,6.605,7.614,6.605,7.614
2025-01-01T15:00:00Z,65.966,48,976.657,5.6,6.4,8.693,10.055,8.693,10.055
2025-01-01T16:00:00Z,65.934,48.2,976.146,6.3,7.4,9.983,11.715,9.983,11.715
2025-01-01T17:00:00Z,66.934,48.133,975.975,6.2,7.1,9.828,11.397,9.828,11.397
2025-01-01T18:00:00Z,66.867,48.966,975.7,5.8,6.6,9.073,10.689,9.073,10.689
2025-01-01T19:00:00Z,66.166,49,976.195,3.5,3.9,5.143,6.11,5.143,6.11
2025-01-01T20:00:00Z,60.4,48.033,977.368,0.4,0.2,0.032,0.009,0.032,0.009
2025-01-01T21:00:00Z,57.334,46.433,978.188,0.2,0.1,0.008,0,0.008,0
2025-01-01T22:00:00Z,56.233,45.267,978.892,0.2,0.1,0,0,0,0
2025-01-01T23:00:00Z,57.5,44.567,979.591,0.2,0.1,0,0,0,0
2025-01-02T00:00:00Z,56.466,43.666,980.104,0.5,0.4,0.458,0.444,0.458,0.444
2025-01-02T01:00:00Z,53.933,43.1,980.619,0.4,0.3,0.128,0.129,0.128,0.129
2025-01-02T02:00:00Z,53.4,42.666,981.034,0.4,0.3,0.128,0.125,0.128,0.125
2025-01-02T03:00:00Z,51.934,42,981.563,0.4,0.2,0.013,0,0.013,0
2025-01-02T04:00:00Z,49.466,41.867,981.805,0.4,0.3,0.031,0.007,0.031,0.007
2025-01-02T05:00:00Z,46.066,41.1,981.939,0.4,0.3,0.021,0.01,0.021,0.01
2025-01-02T06:00:00Z,44.567,41.133,982.416,0.4,0.3,0.03,0.018,0.03,0.018
2025-01-02T07:00:00Z,44.833,41.933,983.333,0.4,0.4,0.044,0.016,0.044,0.016
2025-01-02T08:00:00Z,44.733,41.966,983.622,0.5,0.4,0.063,0.014,0.063,0.014
2025-01-02T09:00:00Z,49.034,41.633,983.986,0.4,0.3,0.013,0.011,0.013,0.011
2025-01-02T10:00:00Z,58.4,40.767,984.662,0.4,0.3,0.012,0.008,0.012,0.008
2025-01-02T11:00:00Z,56.733,40.034,985.38,0.6,0.5,0.212,0.095,0.212,0.095
2025-01-02T12:00:00Z,49.7,39.966,985.954,1.4,1.4,1.763,1.745,1.763,1.745
2025-01-02T13:00:00Z,46.067,40.2,986.634,4.6,5,6.34,7.095,8.323,9.399
2025-01-02T14:00:00Z,43.8,42.1,987.335,0.6,0.6,0.399,0.459,0.399,0.459
2025-01-02T15:00:00Z,45.8,43.2,987.591,0.6,0.6,0.31,0.352,0.31,0.352
2025-01-02T16:00:00Z,49.4,44.034,987.091,0.6,0.6,0.227,0.28,0.227,0.28
2025-01-02T17:00:00Z,50.034,43.7,986.479,0.8,0.7,0.577,0.461,0.577,0.461
2025-01-02T18:00:00Z,42.066,43.367,986.543,0.6,0.5,0.184,0.134,0.184,0.134
2025-01-02T19:00:00Z,39.566,43.667,986.78,0.6,0.6,0.282,0.273,0.282,0.273
2025-01-02T20:00:00Z,37.9,42.466,987.224,1,1.1,1.008,1.143,1.008,1.143
2025-01-02T21:00:00Z,38.934,41.633,987.791,1.4,1.4,1.595,1.701,1.595,1.701
2025-01-02T22:00:00Z,38.066,40.534,988.192,1.4,1.4,1.544,1.688,1.544,1.688
2025-01-02T23:00:00Z,38.4,40.267,988.473,1.4,1.4,1.735,1.717,1.735,1.717
2025-01-03T00:00:00Z,38.534,39.133,988.352,1.4,1.5,1.659,1.877,1.659,1.877
2025-01-03T01:00:00Z,39.966,38.133,988.261,6.4,6.7,9.854,10.466,13.018,13.786
2025-01-03T02:00:00Z,39.166,38.133,988.4,1.3,1.3,1.604,1.562,1.604,1.562
2025-01-03T03:00:00Z,39,38.4,988.436,1.4,1.4,1.67,1.905,1.67,1.905
2025-01-03T04:00:00Z,39.666,38,988.421,1.2,1.2,1.258,1.338,1.258,1.338
2025-01-03T05:00:00Z,40.034,38,988.303,1.1,1.1,1.164,1.152,1.164,1.152
2025-01-03T06:00:00Z,40.167,37.966,988.349,1,1,0.992,1.066,0.992,1.066
2025-01-03T07:00:00Z,40.6,37.933,988.692,1,1,0.963,0.996,0.963,0.996
2025-01-03T08:00:00Z,41,38,988.616,1,1,0.881,0.913,0.881,0.913
2025-01-03T09:00:00Z,41.333,37.867,988.267,1.1,1.2,1.171,1.317,1.171,1.317
2025-01-03T10:00:00Z,41.9,37.267,988.12,1.4,1.3,1.523,1.607,1.523,1.607
2025-01-03T11:00:00Z,42,36.8,988.075,5.8,5.8,9.001,9.223,11.672,11.953
2025-01-03T12:00:00Z,41.9,36.067,988.028,5,5.4,7.454,8.625,9.093,10.658
2025-01-03T13:00:00Z,40.767,36.8,987.894,2.1,2.1,2.978,3.471,2.978,3.482
2025-01-03T14:00:00Z,38.467,38.233,987.91,1.9,2,2.718,3.111,2.718,3.111
2025-01-03T15:00:00Z,36.3,38.666,987.521,1.7,1.8,2.183,2.442,2.183,2.442
2025-01-03T16:00:00Z,35.9,39.666,986.288,2,2,2.647,2.966,2.647,2.966
2025-01-03T17:00:00Z,34.5,40.8,985.216,2.2,2.3,3.001,3.413,3.001,3.413
2025-01-03T18:00:00Z,33.933,41.067,984.584,2.4,2.5,3.251,3.719,3.251,3.719
2025-01-03T19:00:00Z,34.133,40.867,984.428,2.2,2.2,3.023,3.304,3.023,3.304
2025-01-03T20:00:00Z,36.933,40,984.429,2.5,2.6,3.606,4.029,3.606,4.029
2025-01-03T21:00:00Z,38.466,38.433,984.536,2.3,2.3,3.17,3.5,3.17,3.5
2025-01-03T22:00:00Z,38.4,37.166,984.84,1.9,2,2.589,2.861,2.589,2.861
2025-01-03T23:00:00Z,38,36.334,984.855,28.1,27.6,48.512,49.151,70.685,71.52
2025-01-04T00:00:00Z,38,35.933,984.648,1.3,1.3,1.538,1.618,1.538,1.618
2025-01-04T01:00:00Z,39.1,35,984.126,1.3,1.3,1.651,1.615,1.651,1.615
2025-01-04T02:00:00Z,40.567,34.966,983.831,1.6,1.7,2.155,2.366,2.155,2.366
2025-01-04T03:00:00Z,42.3,34.5,983.708,1.6,1.5,1.891,2.063,1.891,2.063
2025-01-04T04:00:00Z,46.867,34,983.355,1.9,1.9,2.571,2.542,2.571,2.542
2025-01-04T05:00:00Z,48,33.267,982.809,1.6,1.6,2.028,2.074,2.028,2.074
2025-01-04T06:00:00Z,47.3,33.5,982.968,1,1,0.915,0.923,0.915,0.923
2025-01-04T07:00:00Z,46.034,32.3,983.762,0.4,0.3,0.076,0.036,0.076,0.036
2025-01-04T08:00:00Z,44.133,31,984.371,0.3,0.2,0,0.007,0,0.007
2025-01-04T09:00:00Z,44.834,30.666,984.539,0.3,0.2,0.008,0,0.008,0
2025-01-04T10:00:00Z,44.933,30.034,985.162,0.4,0.3,0.131,0.111,0.131,0.111
2025-01-04T11:00:00Z,45,29.833,986.142,0.4,0.3,0.124,0.107,0.124,0.107
2025-01-04T12:00:00Z,46.934,29.133,986.74,0.5,0.4,0.175,0.122,0.175,0.122
2025-01-04T13:00:00Z,45.867,29.534,987.206,0.6,0.5,0.382,0.19,0.382,0.19
2025-01-04T14:00:00Z,44.967,30.267,987.54,0.7,0.7,0.522,0.519,0.522,0.519
2025-01-04T15:00:00Z,43.666,31.033,987.926,0.6,0.5,0.263,0.21,0.263,0.21
2025-01-04T16:00:00Z,40.367,32.867,987.081,0.4,0.3,0.072,0.018,0.072,0.018
2025-01-04T17:00:00Z,38.166,34.7,986.179,0.3,0.2,0.025,0.015,0.025,0.015
2025-01-04T18:00:00Z,39.133,35.033,986.062,0.6,0.5,0.292,0.226,0.292,0.226
2025-01-04T19:00:00Z,39.867,34.567,986.022,0.7,0.6,0.421,0.32,0.421,0.32
2025-01-04T20:00:00Z,37.666,35.133,986.381,0.7,0.6,0.33,0.267,0.33,0.267
2025-01-04T21:00:00Z,40.334,34.867,986.692,0.7,0.6,0.307,0.179,0.307,0.179
2025-01-04T22:00:00Z,40.933,34.034,986.928,0.6,0.5,0.229,0.148,0.229,0.148
2025-01-04T23:00:00Z,41,33.933,987.08,9.3,9.7,14.574,15.817,20.927,22.714
2025-01-05T00:00:00Z,41.067,33.367,987.139,16.4,17.4,25.767,27.794,36.115,39.261
2025-01-05T01:00:00Z,42,33,987.144,0.8,0.7,0.495,0.437,0.495,0.437
2025-01-05T02:00:00Z,42,33,987.447,1.2,1.2,1.416,1.597,1.419,1.645
2025-01-05T03:00:00Z,42.434,33,987.867,1.1,1,1.191,1.21,1.191,1.21
2025-01-05T04:00:00Z,42.867,33,988.048,0.8,0.8,0.675,0.591,0.675,0.591
2025-01-05T05:00:00Z,43.733,32.666,988.191,0.8,0.7,0.586,0.506,0.586,0.506
2025-01-05T06:00:00Z,44.267,32.8,988.351,0.8,0.8,0.645,0.639,0.645,0.639
2025-01-05T07:00:00Z,44.867,32.9,988.805,0.9,0.9,0.827,0.765,0.827,0.766
2025-01-05T08:00:00Z,44,33,989.134,0.9,0.9,0.871,0.881,0.871,0.881
2025-01-05T09:00:00Z,43.334,33,989.098,0.9,0.8,0.73,0.76,0.73,0.76
2025-01-05T10:00:00Z,42.534,33,989.377,0.8,0.8,0.519,0.621,0.519,0.621
2025-01-05T11:00:00Z,41.666,33,989.764,0.9,0.9,0.744,0.823,0.744,0.823
2025-01-05T12:00:00Z,41,33,990.077,1.9,2.1,2.963,3.486,3.077,3.647
2025-01-05T13:00:00Z,41.334,33.5,990.481,4,4.4,6.069,6.707,7.87,8.801
2025-01-05T14:00:00Z,41.033,34.633,990.923,1,1,0.916,1.113,0.916,1.113
2025-01-05T15:00:00Z,39.966,35.233,991.249,2.1,2.2,3.27,3.771,3.327,3.893
2025-01-05T16:00:00Z,40,35.8,990.762,1.1,1.1,1.25,1.35,1.25,1.35
2025-01-05T17:00:00Z,39.534,36,990.447,1,1,0.98,1.037,0.98,1.037
2025-01-05T18:00:00Z,39.8,36,990.527,1,1.1,0.996,1.163,0.996,1.163
2025-01-05T19:00:00Z,40.5,36,991.029,1.2,1.2,1.409,1.494,1.409,1.494
2025-01-05T20:00:00Z,41.734,35.867,991.74,1.2,1.2,1.434,1.443,1.434,1.443
2025-01-05T21:00:00Z,44,35.5,992.598,1.3,1.4,1.634,1.811,1.634,1.811
2025-01-05T22:00:00Z,46.466,35.633,992.931,1.9,2.1,2.78,3.253,2.831,3.319
2025-01-05T23:00:00Z,47.3,35,993.066,2.2,2.3,3.119,3.592,3.453,3.957
2025-01-06T00:00:00Z,48,35,993.385,1.8,1.8,2.571,2.707,2.571,2.707
2025-01-06T01:00:00Z,48.433,34.966,993.397,2.1,2.2,2.921,3.365,2.921,3.365
2025-01-06T02:00:00Z,51.166,33.967,993.523,2.3,2.4,3.321,3.775,3.321,3.775
2025-01-06T03:00:00Z,52.4,33.533,993.956,1.9,1.9,2.49,2.713,2.49,2.713
2025-01-06T04:00:00Z,51.933,32.534,994.005,1.6,1.6,1.957,2.087,1.957,2.087
2025-01-06T05:00:00Z,49.834,31.767,993.855,1.5,1.5,1.946,2.02,1.946,2.02
2025-01-06T06:00:00Z,47.9,28.934,993.899,1.7,1.6,2.081,2.242,2.081,2.242
2025-01-06T07:00:00Z,47.733,27.267,994.112,1.5,1.5,1.828,1.984,1.828,1.984
2025-01-06T08:00:00Z,47.5,26.534,993.99,1.5,1.5,1.854,1.968,1.854,1.968
2025-01-06T09:00:00Z,46.4,25.5,993.55,1.6,1.5,2.178,2.269,2.178,2.269
2025-01-06T10:00:00Z,46.3,24.934,993.185,1.8,1.8,2.759,2.894,2.759,2.894
2025-01-06T11:00:00Z,47,24.5,992.937,2,1.8,3.104,2.965,3.104,2.965
2025-01-06T12:00:00Z,47.2,23.466,991.918,1.6,1.6,2.136,2.16,2.136,2.16
2025-01-06T13:00:00Z,47.034,23.133,992.109,1.5,1.6,2.103,2.244,2.103,2.244
2025-01-06T14:00:00Z,47.334,22.9,991.356,1.9,1.7,2.72,2.738,2.72,2.738
2025-01-06T15:00:00Z,47.767,23.5,990.938,2.2,2.1,3.768,3.621,3.768,3.621
2025-01-06T16:00:00Z,46.534,24.434,989.243,2.4,2.4,4.182,4.518,4.182,4.518
2025-01-06T17:00:00Z,45.5,25.767,987.784,2.6,2.8,4.595,5.14,4.595,5.14
2025-01-06T18:00:00Z,43.367,26.967,986.898,2.5,2.5,4.117,4.492,4.117,4.492
2025-01-06T19:00:00Z,43,27,985.981,2.5,2.6,4.075,4.498,4.075,4.498
2025-01-06T20:00:00Z,42.567,27.3,985.626,2.5,2.5,4.077,4.343,4.077,4.343
2025-01-06T21:00:00Z,43.433,26.267,985.42,2.9,3.1,5.295,5.992,5.295,5.992
2025-01-06T22:00:00Z,44.977,24.972,985.284,3.7,3.8,7.303,7.799,7.303,7.799
2025-01-06T23:00:00Z,45.5,23.8,985.173,3.6,3.7,7.134,7.704,7.185,7.739
2025-01-07T00:00:00Z,44,22.733,985.481,2.6,2.7,4.777,5.162,4.777,5.162
2025-01-07T01:00:00Z,44,21.667,985.371,2.6,2.7,4.702,5.087,4.702,5.087
2025-01-07T02:00:00Z,44.1,20.767,985.148,2.1,2.2,3.647,3.956,3.647,3.956
2025-01-07T03:00:00Z,45.534,19.934,985.41,1.7,1.6,2.325,2.362,2.325,2.362
2025-01-07T04:00:00Z,46.534,20.434,985.545,2.6,2.6,4.931,4.993,4.931,4.993
2025-01-07T05:00:00Z,46,20.934,985.391,2.3,2.2,4.101,4.078,4.101,4.078
2025-01-07T06:00:00Z,46,20.967,985.269,1.6,1.6,2.187,2.211,2.187,2.211
2025-01-07T07:00:00Z,46.867,21.034,985.109,1.9,1.8,3.099,2.91,3.099,2.91
2025-01-07T08:00:00Z,46.6,21.9,984.925,1.9,1.8,2.865,2.784,2.865,2.784
2025-01-07T09:00:00Z,46,21.9,984.614,1.5,1.4,1.843,1.88,1.843,1.88
2025-01-07T10:00:00Z,45.4,21.9,984.756,1.3,1.3,1.678,1.916,1.693,1.944
2025-01-07T11:00:00Z,45.2,23.1,985.007,3.5,3.9,6.011,6.763,7.571,8.675
2025-01-07T12:00:00Z,45.833,24,985.096,1.7,1.7,2.546,2.544,2.638,2.688
2025-01-07T13:00:00Z,44.133,24.834,985.35,1.2,1.3,1.598,1.863,1.598,1.863
2025-01-07T14:00:00Z,43.7,25.7,985.857,0.7,0.6,0.36,0.296,0.36,0.296
2025-01-07T15:00:00Z,42.534,26.767,985.604,0.7,0.6,0.34,0.366,0.34,0.366
2025-01-07T16:00:00Z,42,28.466,985.281,0.5,0.4,0.174,0.153,0.174,0.153
2025-01-07T17:00:00Z,42.5,30.233,984.889,0.7,0.6,0.311,0.217,0.311,0.217
2025-01-07T18:00:00Z,42.466,30.967,985.154,0.4,0.3,0.046,0.019,0.046,0.019
2025-01-07T19:00:00Z,42.334,30.833,985.94,0.6,0.5,0.273,0.294,0.273,0.294
2025-01-07T20:00:00Z,44.4,30.333,986.994,0.5,0.5,0.199,0.163,0.199,0.163
2025-01-07T21:00:00Z,46.334,30.1,987.872,0.5,0.5,0.22,0.235,0.22,0.235
2025-01-07T22:00:00Z,46.633,29.133,988.449,0.5,0.4,0.132,0.107,0.132,0.107
2025-01-07T23:00:00Z,45.233,29.334,989.111,0.4,0.4,0.051,0.053,0.051,0.053
2025-01-08T00:00:00Z,45,29.133,989.439,0.5,0.4,0.128,0.108,0.128,0.108
2025-01-08T01:00:00Z,45.1,29.167,989.377,0.6,0.5,0.22,0.255,0.22,0.255
2025-01-08T02:00:00Z,45.8,29.133,989.665,0.9,0.8,0.76,0.812,0.76,0.812
2025-01-08T03:00:00Z,45.367,28.934,989.818,0.5,0.4,0.056,0.05,0.056,0.05
2025-01-08T04:00:00Z,44.773,27.613,990.431,0.4,0.3,0.04,0.011,0.04,0.011
2025-01-08T05:00:00Z,44.147,26.987,990.514,0.3,0.3,0.004,0.004,0.004,0.004
2025-01-08T06:00:00Z,43.233,27.034,989.834,0.3,0.2,0.008,0,0.008,0
2025-01-08T07:00:00Z,43.933,27,990.264,0.3,0.3,0.004,0.001,0.004,0.001
2025-01-08T08:00:00Z,48.067,27,990.532,0.5,0.4,0.147,0.107,0.147,0.107
2025-01-08T09:00:00Z,47.166,27.233,990.657,0.7,0.6,0.43,0.396,0.43,0.396
2025-01-08T10:00:00Z,44.633,26.9,990.816,0.5,0.4,0.124,0.112,0.124,0.112
2025-01-08T11:00:00Z,46,26.433,990.606,1.1,1.1,1.278,1.308,1.288,1.314
2025-01-08T12:00:00Z,47.433,26.1,990.024,0.8,0.8,0.425,0.615,0.425,0.615
2025-01-08T13:00:00Z,45.133,26.233,989.781,0.8,0.8,0.735,0.779,0.735,0.779
2025-01-08T14:00:00Z,43.666,26.4,989.761,0.8,0.8,0.529,0.623,0.53,0.623
2025-01-08T15:00:00Z,41.3,27.533,989.77,0.9,0.9,0.718,0.839,0.718,0.839
2025-01-08T16:00:00Z,39.233,28.433,988.543,0.8,0.8,0.561,0.634,0.561,0.634
2025-01-08T17:00:00Z,35.767,28.9,987.455,0.8,0.7,0.512,0.422,0.512,0.422
2025-01-08T18:00:00Z,36.267,28.167,986.691,0.7,0.7,0.477,0.541,0.477,0.541
2025-01-08T19:00:00Z,37.334,27.434,986.295,0.5,0.5,0.105,0.116,0.105,0.116
2025-01-08T20:00:00Z,38.833,27.166,985.984,0.7,0.7,0.553,0.576,0.553,0.576
2025-01-08T21:00:00Z,40.8,26.3,985.639,1.2,1.2,1.316,1.363,1.316,1.363
2025-01-08T22:00:00Z,42.5,25.8,985.837,1.6,1.6,2.361,2.538,2.386,2.604
2025-01-08T23:00:00Z,44.4,24.233,986.058,0.8,0.8,0.536,0.639,0.536,0.639
2025-01-09T00:00:00Z,44.2,23.834,985.913,0.8,0.7,0.601,0.492,0.601,0.492
2025-01-09T01:00:00Z,42.933,24.867,985.644,1.3,1.3,1.566,1.836,1.566,1.836
2025-01-09T02:00:00Z,44.834,25,985.025,0.6,0.5,0.26,0.22,0.26,0.22
2025-01-09T03:00:00Z,47.433,24.934,984.486,0.8,0.7,0.546,0.621,0.546,0.621
2025-01-09T04:00:00Z,47.567,25.033,984.076,0.5,0.4,0.114,0.063,0.114,0.063
2025-01-09T05:00:00Z,46.9,25.2,983.888,0.5,0.4,0.096,0.034,0.096,0.034
2025-01-09T06:00:00Z,46.166,25.066,983.514,0.4,0.4,0.035,0.055,0.035,0.055
2025-01-09T07:00:00Z,47.3,25.066,983.307,0.5,0.4,0.073,0.063,0.073,0.063
2025-01-09T08:00:00Z,49.9,24.966,983.147,0.8,0.8,0.584,0.576,0.584,0.576
2025-01-09T09:00:00Z,50.2,24.966,983.044,0.6,0.5,0.189,0.12,0.189,0.12
2025-01-09T10:00:00Z,48.433,25.3,983.227,0.6,0.5,0.315,0.237,0.315,0.237
2025-01-09T11:00:00Z,50.333,25.5,983.503,0.8,0.8,0.797,0.65,0.797,0.65
2025-01-09T12:00:00Z,51.466,25.6,983.785,0.7,0.6,0.418,0.329,0.418,0.329
2025-01-09T13:00:00Z,48.267,25.867,984.293,0.7,0.6,0.378,0.348,0.378,0.348
2025-01-09T14:00:00Z,47.267,26.3,984.438,0.7,0.6,0.386,0.394,0.386,0.394
2025-01-09T15:00:00Z,46.1,27.633,984.923,0.5,0.5,0.099,0.117,0.099,0.117
2025-01-09T16:00:00Z,44.9,28.566,984.483,0.7,0.6,0.314,0.328,0.314,0.328
2025-01-09T17:00:00Z,44.034,29.767,984.201,1.2,1.2,1.344,1.445,1.344,1.445
2025-01-09T18:00:00Z,43.9,28.867,984.58,0.8,0.7,0.603,0.57,0.603,0.57
2025-01-09T19:00:00Z,45,28.8,985.235,0.7,0.6,0.355,0.269,0.355,0.269
2025-01-09T20:00:00Z,45.467,28.834,985.929,0.7,0.7,0.373,0.401,0.373,0.401
2025-01-09T21:00:00Z,47.267,28.267,986.89,1.3,1.3,1.714,1.637,1.728,1.677
2025-01-09T22:00:00Z,48.6,28.034,987.631,0.9,0.8,0.656,0.653,0.656,0.653
2025-01-09T23:00:00Z,50.3,28.3,988.402,1.5,1.4,1.702,1.81,1.702,1.81
2025-01-10T00:00:00Z,51,29.566,988.905,1.1,1.1,1.061,1.051,1.061,1.051
2025-01-10T01:00:00Z,50.667,30.367,989.031,1,0.9,0.849,0.905,0.849,0.905
2025-01-10T02:00:00Z,50.133,31.133,989.163,1,0.9,0.869,0.876,0.869,0.876
2025-01-10T03:00:00Z,50.8,31,989.286,1,0.9,0.831,0.875,0.831,0.875
2025-01-10T04:00:00Z,51,31.034,989.712,0.9,0.9,0.799,0.893,0.799,0.893
2025-01-10T05:00:00Z,50.133,31.7,990.341,0.8,0.8,0.607,0.522,0.607,0.522
2025-01-10T06:00:00Z,49.034,31.867,990.776,0.7,0.7,0.425,0.491,0.425,0.491
2025-01-10T07:00:00Z,49.733,30.6,991.314,0.7,0.7,0.379,0.424,0.379,0.424
2025-01-10T08:00:00Z,49.966,30.8,991.231,0.6,0.5,0.203,0.168,0.203,0.168
2025-01-10T09:00:00Z,50.867,30,990.984,0.7,0.6,0.307,0.335,0.307,0.335
2025-01-10T10:00:00Z,50.067,30.833,991.611,1.2,1.2,1.472,1.468,1.472,1.468
2025-01-10T11:00:00Z,50.633,30.233,992.427,1.5,1.5,2.009,2.239,2.018,2.284
2025-01-10T12:00:00Z,51,30,992.746,1.6,1.5,2.098,2.057,2.148,2.131
2025-01-10T13:00:00Z,49.9,31.066,993.393,0.8,0.7,0.486,0.482,0.486,0.482
2025-01-10T14:00:00Z,46.4,33.667,993.654,1.3,1.3,1.612,1.749,1.613,1.764
2025-01-10T15:00:00Z,42.9,35.267,993.534,0.8,0.7,0.504,0.417,0.504,0.417
2025-01-10T16:00:00Z,39.2,37.034,992.031,0.6,0.5,0.127,0.162,0.127,0.162
2025-01-10T17:00:00Z,36.7,39.433,991.114,0.6,0.5,0.181,0.255,0.181,0.255
2025-01-10T18:00:00Z,36.466,40,990.367,0.7,0.6,0.382,0.294,0.383,0.294
2025-01-10T19:00:00Z,37.166,39.534,989.304,0.8,0.8,0.614,0.623,0.614,0.623
2025-01-10T20:00:00Z,37.9,39,989,0.7,0.8,0.47,0.532,0.47,0.532
2025-01-10T21:00:00Z,38.466,37.933,988.952,0.7,0.6,0.304,0.261,0.304,0.261
2025-01-10T22:00:00Z,39.034,36.933,988.559,0.8,0.8,0.543,0.51,0.543,0.51
2025-01-10T23:00:00Z,39.733,36.067,988.159,1.1,1.1,1.098,1.21,1.098,1.21
2025-01-11T00:00:00Z,39.1,36,987.77,4.1,4.4,5.86,6.379,7.894,8.776
2025-01-11T01:00:00Z,39.733,36,987.069,1,1.1,0.984,1.099,0.984,1.099
2025-01-11T02:00:00Z,39.8,36,986.351,1.3,1.3,1.417,1.491,1.417,1.491
2025-01-11T03:00:00Z,39.133,36,986.154,1.5,1.6,1.949,2.183,1.949,2.183
2025-01-11T04:00:00Z,39,35.133,984.605,1.5,1.5,1.785,1.95,1.785,1.95
2025-01-11T05:00:00Z,38.6,35,983.447,2,2.1,2.63,3.048,2.63,3.048
2025-01-11T06:00:00Z,40.633,34.166,982.834,2.8,2.9,4.309,4.947,4.309,4.947
2025-01-11T07:00:00Z,41.2,34,982.049,3.3,3.5,5.372,6.331,5.372,6.331
2025-01-11T08:00:00Z,41.8,34,981.085,3.3,3.6,5.758,6.452,5.758,6.452
2025-01-11T09:00:00Z,43.4,33.633,980.454,2.6,2.7,4.071,4.456,4.071,4.456
2025-01-11T10:00:00Z,51.467,32.034,980.044,2.3,2.4,3.268,3.978,3.268,3.978
2025-01-11T11:00:00Z,53.633,31.034,979.279,2.4,2.5,3.696,4.392,3.696,4.392
2025-01-11T12:00:00Z,54,31,978.706,3.4,3.6,6.143,6.814,6.143,6.814
2025-01-11T13:00:00Z,54,31.566,978.443,3.7,3.8,6.54,7.29,6.54,7.29
2025-01-11T14:00:00Z,53.5,32.8,978.171,4,4.2,7.123,7.693,7.123,7.693
2025-01-11T15:00:00Z,52.1,34.7,977.778,3,3.2,4.874,5.753,4.874,5.753
2025-01-11T16:00:00Z,50.534,35.834,977.15,2.9,3,4.422,5.082,4.422,5.082
2025-01-11T17:00:00Z,49.4,37.1,976.538,2.4,2.5,3.446,3.908,3.446,3.908
2025-01-11T18:00:00Z,48,38.034,976.627,2.7,2.8,3.922,4.422,3.922,4.422
2025-01-11T19:00:00Z,48.367,38.067,977.096,2.5,2.6,3.579,3.991,3.579,3.991
2025-01-11T20:00:00Z,48.7,37.2,978.132,2,2.1,2.703,2.976,2.703,2.976
2025-01-11T21:00:00Z,47.966,35.166,979.396,1.8,1.8,2.308,2.487,2.308,2.487
2025-01-11T22:00:00Z,49.5,33.233,980.478,1.4,1.3,1.666,1.783,1.681,1.798
2025-01-11T23:00:00Z,50.267,33.034,981.594,1.1,1,1.128,1.06,1.128,1.06
2025-01-12T00:00:00Z,49.5,32.966,983.043,1.4,1.4,1.805,1.876,1.805,1.888
2025-01-12T01:00:00Z,49.433,32.1,984.089,2.8,2.8,4.495,4.845,4.495,4.845
2025-01-12T02:00:00Z,50.034,31.934,985.007,4.5,4.7,7.875,8.861,7.875,8.861
2025-01-12T03:00:00Z,49.3,32.367,985.963,4.5,4.6,7.911,8.765,7.911,8.765
2025-01-12T04:00:00Z,49.1,32.633,986.322,3.1,3.3,5.218,5.954,5.218,5.954
2025-01-12T05:00:00Z,50.567,32.834,986.75,3.9,4.1,6.889,7.55,6.889,7.55
2025-01-12T06:00:00Z,51.666,33.433,987.483,3.9,4.1,6.88,7.613,6.88,7.613
2025-01-12T07:00:00Z,49.834,34.233,988.181,3.2,3.3,5.379,6.035,5.379,6.035
2025-01-12T08:00:00Z,49.034,34.966,988.733,5.4,5.7,9.739,10.738,9.739,10.738
2025-01-12T09:00:00Z,49,35,989.37,6.2,6.7,11.308,12.918,11.308,12.918
2025-01-12T10:00:00Z,49.767,35,990.226,6,6.5,10.806,12.558,10.806,12.558
2025-01-12T11:00:00Z,50.833,33.966,990.842,8.1,8.7,14.88,16.669,16.038,18.154
2025-01-12T12:00:00Z,51.6,32.6,991.239,5.9,6.4,10.9,12.671,10.9,12.671
2025-01-12T13:00:00Z,52.6,33.867,991.938,6.3,6.9,11.812,13.367,11.812,13.367
2025-01-12T14:00:00Z,49.067,37.3,992.582,6.6,6.9,11.564,12.961,11.564,12.961
2025-01-12T15:00:00Z,45.367,39.7,992.91,6.6,7.1,11.396,12.82,11.396,12.82
2025-01-12T16:00:00Z,44,41.533,992.68,6.7,7.3,11.545,13.127,11.545,13.127
2025-01-12T17:00:00Z,42.3,43.067,992.457,7.5,8.1,12.781,14.255,12.781,14.255
2025-01-12T18:00:00Z,40.9,43,992.256,7.7,8.5,13.548,15.092,13.548,15.092
2025-01-12T19:00:00Z,40.767,42.434,992.425,7.7,8.4,13.442,15.081,13.442,15.081
2025-01-12T20:00:00Z,42.233,41.8,992.602,7.5,8.3,13.03,14.72,13.03,14.72
2025-01-12T21:00:00Z,45.7,39.834,993.08,6.1,6.7,10.66,11.89,10.66,11.89
2025-01-12T22:00:00Z,47.933,37.267,993.442,7.6,8.4,14.073,15.889,14.094,15.954
2025-01-12T23:00:00Z,50.267,36,993.677,6.8,7.5,12.606,14.372,12.606,14.372
2025-01-13T00:00:00Z,52.033,36,993.72,6.2,6.7,11.146,12.698,11.146,12.698
2025-01-13T01:00:00Z,53.133,36.466,993.775,6.1,6.6,10.869,12.506,10.869,12.506
2025-01-13T02:00:00Z,54.034,37,993.524,7.4,8.2,13.919,15.965,13.919,15.965
2025-01-13T03:00:00Z,54.467,36.667,993.565,8,8.8,14.988,17.171,14.988,17.171
2025-01-13T04:00:00Z,55.034,37,993.564,8.7,9.6,16.689,18.813,16.689,18.813
2025-01-13T05:00:00Z,55.434,37,993.111,8.8,9.6,16.703,18.889,16.703,18.889
2025-01-13T06:00:00Z,55.033,36.966,992.607,10,11,19.496,21.928,19.496,21.928
2025-01-13T07:00:00Z,55,36.5,991.962,9.5,10.3,18.098,20.436,18.098,20.436
2025-01-13T08:00:00Z,54.9,35.567,991.527,8.8,9.8,17.086,19.562,17.086,19.562
2025-01-13T09:00:00Z,54.233,33.733,991.235,9.5,10.6,19.47,22.146,19.47,22.146
2025-01-13T10:00:00Z,55.5,33,991.057,9.6,10.5,19.275,21.915,19.275,21.915
2025-01-13T11:00:00Z,56,34.166,990.933,12.9,13.9,26.072,28.941,26.854,30.048
2025-01-13T12:00:00Z,56.334,35.433,990.615,11.3,12.4,22.648,25.564,22.686,25.608
2025-01-13T13:00:00Z,54.867,36.633,990.781,10.7,11.9,21.05,23.764,21.05,23.764
2025-01-13T14:00:00Z,53.567,37.567,990.881,14.6,16.2,28.313,31.963,28.944,33.245
2025-01-13T15:00:00Z,52.111,39.014,990.431,12.2,13.5,23.563,26.885,23.563,26.901
2025-01-13T16:00:00Z,50.933,40,989.558,11.1,12.3,20.679,23.791,20.679,23.791
2025-01-13T17:00:00Z,50.15,40.833,988.446,9.4,10.4,17.032,19.583,17.032,19.583
2025-01-13T18:00:00Z,49,42.1,987.65,9.3,10.2,16.49,18.954,16.49,18.954
2025-01-13T19:00:00Z,46.717,43.9,987.209,8.1,9,13.761,16.074,13.761,16.074
2025-01-13T19:00:00Z,46.647,43.92,987.206,8,9,13.673,16.004,13.673,16.004
2025-01-13T20:00:00Z,47.137,43.96,987.241,7.1,7.8,12.032,13.91,12.032,13.91
2025-01-13T21:00:00Z,52.534,41.133,988.427,5.5,5.9,9.178,10.394,9.178,10.394
2025-01-13T22:00:00Z,52.9,39.333,988.898,3.5,3.7,5.35,6.261,5.35,6.261
2025-01-13T23:00:00Z,52,38.233,989.428,3.9,4.1,6.364,7.117,6.364,7.117
2025-01-14T00:00:00Z,53,38.933,989.739,3,3.3,4.625,5.374,4.625,5.374
2025-01-14T01:00:00Z,47.1,38.7,989.801,3.2,3.3,4.71,5.312,4.71,5.312
2025-01-14T02:00:00Z,42.867,38.067,989.74,2.8,3.1,4.073,4.742,4.073,4.742
2025-01-14T03:00:00Z,46.3,36.633,989.827,2.4,2.4,3.261,3.518,3.261,3.518
2025-01-14T04:00:00Z,47,36.1,989.869,2.7,2.9,4.046,4.669,4.046,4.669
2025-01-14T05:00:00Z,42.9,36.233,989.747,2.5,2.7,3.593,4.016,3.593,4.016
2025-01-14T06:00:00Z,39.6,34.9,989.816,1.8,1.8,2.282,2.514,2.282,2.514
2025-01-14T07:00:00Z,37.9,34.9,990.205,1.9,2.1,2.579,2.941,2.579,2.941
2025-01-14T08:00:00Z,37.5,34.733,990.271,2.5,2.6,3.613,4.126,3.613,4.126
2025-01-14T09:00:00Z,38.8,33.967,990.482,3.1,3.3,4.955,5.672,4.955,5.672
2025-01-14T10:00:00Z,39.466,32.666,990.604,3.6,3.8,6.149,6.95,6.149,6.95
2025-01-14T11:00:00Z,39.633,31.6,991.289,3.3,3.5,5.647,7.006,5.647,6.347
2025-01-14T12:00:00Z,37.733,30.6,991.987,7.9,8.2,13.957,15.16,17.518,19.051
2025-01-14T13:00:00Z,37,30.367,992.356,2.7,2.8,4.447,5.024,4.447,5.024
2025-01-14T14:00:00Z,35.534,32.034,992.94,2,2,2.776,3.019,2.776,3.019
2025-01-14T15:00:00Z,34.966,33.966,992.874,2.4,2.3,3.498,3.833,3.498,3.833
2025-01-14T16:00:00Z,35,34.433,992.496,1.9,1.9,2.517,2.851,2.517,2.851
2025-01-14T17:00:00Z,34.834,34.567,991.54,1.7,1.7,2.186,2.328,2.186,2.328
2025-01-14T18:00:00Z,33.166,35.5,990.523,1.4,1.4,1.652,1.759,1.652,1.759
2025-01-14T19:00:00Z,33,34.466,990.634,1.6,1.6,2.115,2.226,2.115,2.226
2025-01-14T20:00:00Z,33.367,33.833,990.626,2.2,2.3,3.018,3.459,3.018,3.459
2025-01-14T21:00:00Z,33.466,32.833,990.702,2.5,2.7,3.804,4.627,3.804,4.627
2025-01-14T22:00:00Z,34.233,30.666,991.254,3.1,3.2,5.247,6.087,5.247,6.087
2025-01-14T23:00:00Z,36.033,29.534,991.482,3.1,3.3,5.659,6.426,5.659,6.426
2025-01-15T00:00:00Z,37.467,28.934,991.689,17.1,17.2,30.337,31.84,41.913,43.737
2025-01-15T01:00:00Z,38.633,28.334,991.808,5.5,5.8,10.668,12.026,11.059,12.5
2025-01-15T02:00:00Z,39.833,28.767,992.024,4.1,4.3,7.711,8.63,7.711,8.63
2025-01-15T03:00:00Z,40.4,28.966,992.144,3.2,3.3,5.764,6.441,5.764,6.441
2025-01-15T04:00:00Z,40.966,28.966,992.38,3.4,3.5,6.173,6.914,6.173,6.914
2025-01-15T05:00:00Z,41.4,28.934,992.5,2.8,2.9,4.982,5.637,4.982,5.637
2025-01-15T06:00:00Z,41.9,28.034,992.688,2.9,3,5.082,5.544,5.082,5.544
2025-01-15T07:00:00Z,42.7,28.066,993.08,2.9,3,5.069,5.809,5.069,5.809
2025-01-15T08:00:00Z,45.133,28.367,993.459,2.5,2.6,4.174,4.742,4.174,4.742
2025-01-15T09:00:00Z,46.933,28.733,993.777,2,2.1,2.946,3.284,2.946,3.284
2025-01-15T10:00:00Z,46.867,27.534,994.524,2.4,2.4,3.578,3.708,4.05,4.256
2025-01-15T11:00:00Z,45.966,25.733,995.555,1.1,1.1,1.133,1.089,1.133,1.089
2025-01-15T12:00:00Z,45.867,24.633,996.469,2.2,2.2,3.823,4.144,3.823,4.144
2025-01-15T13:00:00Z,45.267,25.466,997.379,1,0.9,0.924,0.858,0.924,0.858
2025-01-15T14:00:00Z,43.5,27.2,998.02,1.2,1.1,1.369,1.27,1.369,1.27
2025-01-15T15:00:00Z,41.5,29.666,998.223,0.8,0.7,0.485,0.483,0.485,0.483
2025-01-15T16:00:00Z,40.6,31.267,997.508,1.2,1.1,1.159,1.215,1.159,1.215
2025-01-15T17:00:00Z,39.6,32.6,996.74,0.8,0.8,0.606,0.558,0.606,0.558
2025-01-15T18:00:00Z,38,32.367,996.365,0.8,0.8,0.635,0.62,0.635,0.62
2025-01-15T19:00:00Z,37,32.067,996.305,1.1,1,1.071,1.052,1.071,1.052
2025-01-15T20:00:00Z,37.267,31.733,996.593,0.7,0.7,0.297,0.354,0.297,0.354
2025-01-15T21:00:00Z,37.3,31.633,996.886,0.6,0.5,0.172,0.182,0.172,0.182
2025-01-15T22:00:00Z,38.166,31.1,997.215,1.2,1.3,1.501,1.754,1.501,1.754
2025-01-15T23:00:00Z,41.267,30.066,997.377,0.9,0.9,0.833,0.818,0.833,0.818
2025-01-16T00:00:00Z,43.3,28.967,997.233,7.7,8.2,13.722,14.856,17.517,19.194
2025-01-16T01:00:00Z,46.034,28,996.994,1.3,1.2,1.564,1.458,1.564,1.464
2025-01-16T02:00:00Z,47.533,27.834,996.665,1.6,1.6,2.252,2.381,2.252,2.381
2025-01-16T03:00:00Z,48,26.4,996.459,2.2,2.2,3.17,3.863,3.17,3.863
2025-01-16T04:00:00Z,49.733,27.166,995.875,1.7,1.8,2.37,2.803,2.37,2.803
2025-01-16T05:00:00Z,50.966,28.034,995.28,2.3,2.4,3.671,4.14,3.671,4.14
2025-01-16T06:00:00Z,51,29,995.06,4.1,4.3,7.703,8.553,7.703,8.553
2025-01-16T07:00:00Z,51,29,995.058,2.5,2.7,4.21,4.83,4.21,4.83
2025-01-16T08:00:00Z,51.966,29.934,994.582,2.6,2.7,4.303,4.846,4.303,4.846
2025-01-16T09:00:00Z,52.666,30,994.135,3,3.1,5.123,5.851,5.123,5.851
2025-01-16T10:00:00Z,51.2,30,993.628,3,3.2,5.479,6.165,5.479,6.165
2025-01-16T11:00:00Z,50.367,28.7,993.432,3,3.1,5.354,5.875,5.354,5.875
2025-01-16T12:00:00Z,51,26.534,992.971,3,3.1,5.284,6.109,5.284,6.109
2025-01-16T13:00:00Z,50.867,27.5,992.342,3.8,3.8,6.965,7.773,6.965,7.773
2025-01-16T14:00:00Z,46.966,29.733,991.873,3.8,3.9,6.893,7.61,6.893,7.61
2025-01-16T15:00:00Z,42.833,31.467,990.954,3.2,3.3,5.236,6.185,5.236,6.185
2025-01-16T16:00:00Z,41.133,32,989.331,3.6,3.8,6.178,7.011,6.178,7.011
2025-01-16T17:00:00Z,41.067,32.233,987.855,4.1,4.3,7.125,8.071,7.125,8.071
2025-01-16T18:00:00Z,40.2,32.9,986.691,4.4,4.5,7.843,8.65,7.843,8.65
2025-01-16T19:00:00Z,39.933,32.833,985.782,4.5,4.7,7.957,9.121,7.957,9.121
2025-01-16T20:00:00Z,39.234,33.5,985.344,5.6,5.8,10.146,11.518,10.146,11.518
2025-01-16T21:00:00Z,43.367,32,985.43,19.5,20.6,33.838,37.405,44.102,48.561
2025-01-16T22:00:00Z,49.267,31.767,985.899,7.6,8.3,14.952,17.169,15.006,17.223
2025-01-16T23:00:00Z,50.034,31.9,986.197,9.6,10.5,18.801,21.267,19.629,22.416
2025-01-17T00:00:00Z,50.834,31.1,986.445,6.6,7.2,12.656,14.869,12.656,14.869
2025-01-17T01:00:00Z,51.6,31.1,986.69,7,7.4,13.807,15.579,13.807,15.579
2025-01-17T02:00:00Z,52.933,31,987.104,7.6,8.1,15.066,17.093,15.066,17.093
2025-01-17T03:00:00Z,54.534,31,987.362,8.2,8.9,16.567,18.896,16.567,18.896
2025-01-17T04:00:00Z,54.1,30.434,987.715,7.8,8.4,15.896,17.919,15.896,17.919
2025-01-17T05:00:00Z,53.067,27.666,987.943,6.2,6.6,12.502,14.204,12.502,14.204
2025-01-17T06:00:00Z,53,25.534,988.49,6.4,6.9,13.258,15.33,13.258,15.33
2025-01-17T07:00:00Z,53.2,24.666,989.19,6.3,6.7,13.096,15.045,13.096,15.045
2025-01-17T08:00:00Z,54.067,25,989.651,6.4,6.5,13.512,14.605,13.512,14.605
2025-01-17T09:00:00Z,54.466,25.3,990.149,6.6,6.9,13.985,15.449,13.985,15.449
2025-01-17T10:00:00Z,55,26.934,991.18,13.4,14.2,30.075,32.654,31.054,34.258
2025-01-17T11:00:00Z,55.2,28,991.911,12.3,13,27.636,30.183,27.678,30.366
2025-01-17T12:00:00Z,56.166,29.033,992.483,9.2,10.1,19.636,22.231,19.636,22.231
2025-01-17T13:00:00Z,56.466,30.466,993.261,11.3,12.5,24.087,27.745,24.087,27.745
2025-01-17T14:00:00Z,55.966,31.834,993.846,12.1,13.4,25.291,29.056,25.291,29.064
2025-01-17T15:00:00Z,55.6,34.166,994.294,13.7,15,27.965,31.845,27.996,32.019
2025-01-17T16:00:00Z,52.567,36.867,994.236,12.5,13.7,24.222,27.464,24.222,27.471
2025-01-17T17:00:00Z,51.2,38.5,994.01,12.3,13.5,23.648,26.431,23.648,26.443
2025-01-17T18:00:00Z,51.633,39,993.961,11.7,13.2,22.159,25.692,22.159,25.703
2025-01-17T19:00:00Z,50.167,39.966,994.039,12.6,13.7,23.756,26.872,23.756,26.872
2025-01-17T20:00:00Z,50.034,39.534,994.485,11.7,13.2,22.206,25.527,22.206,25.527
2025-01-17T21:00:00Z,51,39.267,994.348,12.1,13.4,22.792,26.282,22.792,26.282
2025-01-17T22:00:00Z,52.5,39,994.835,12.2,13.6,23.241,26.651,23.241,26.651
2025-01-17T23:00:00Z,54,39,995.422,12.1,13.5,23.257,26.457,23.257,26.457
2025-01-18T00:00:00Z,54.6,38.7,995.149,12.8,14.1,24.885,28.065,24.885,28.126
2025-01-18T01:00:00Z,54.2,37.3,994.789,12.2,13.2,23.902,26.482,23.902,26.487
2025-01-18T02:00:00Z,54.7,35.1,995.022,10.3,11.4,20.471,23.235,20.471,23.235
2025-01-18T03:00:00Z,55.633,33.8,994.914,11.5,12.3,23.584,25.971,23.597,26.026
2025-01-18T04:00:00Z,56.633,34.367,993.8,9.1,9.9,17.983,20.068,17.983,20.068
2025-01-18T05:00:00Z,55.966,35.367,993.333,9,9.8,17.351,19.28,17.351,19.28
2025-01-18T06:00:00Z,54.267,36.8,992.666,9.7,10.7,18.449,20.865,18.449,20.865
2025-01-18T07:00:00Z,52.5,37,992.479,9.8,10.7,18.468,20.694,18.468,20.694
2025-01-18T08:00:00Z,52.434,36.8,992.124,8.8,9.7,16.535,18.568,16.535,18.568
2025-01-18T09:00:00Z,51.233,36.933,991.204,8.2,8.8,15.232,16.912,15.232,16.912
2025-01-18T10:00:00Z,49.933,37.2,990.692,7.4,8.1,13.489,15.439,13.489,15.439
2025-01-18T11:00:00Z,49.034,37.1,990.511,7.6,8.3,13.887,15.715,13.887,15.715
2025-01-18T12:00:00Z,49.867,37.334,990.567,12.9,13.5,21.987,24.282,25.974,28.534
2025-01-18T13:00:00Z,50,38,990.598,6.9,7.4,12.049,13.578,12.049,13.578
2025-01-18T14:00:00Z,50.667,38.567,990.405,6.6,7,11.357,12.785,11.357,12.785
2025-01-18T15:00:00Z,51.3,39.933,989.581,6.1,6.4,10.629,11.838,10.629,11.838
2025-01-18T16:00:00Z,52.7,40.034,988.409,5,5.4,8.264,9.589,8.264,9.589
2025-01-18T17:00:00Z,52.6,41.367,987.463,4.6,4.9,7.2,8.159,7.2,8.159
2025-01-18T18:00:00Z,52.7,42.933,986.429,4.4,4.7,7.676,7.649,6.68,7.649
2025-01-18T19:00:00Z,56.767,42.867,986.43,4.6,4.9,7.027,8.09,7.027,8.09
2025-01-18T20:00:00Z,59.633,43,986.218,4.5,4.6,6.793,7.643,6.793,7.643
2025-01-18T21:00:00Z,61.633,43,985.744,3.9,4.1,5.87,6.587,5.87,6.587
2025-01-18T22:00:00Z,62,43,985.293,10.9,11.3,16.422,17.855,20.119,21.869
2025-01-18T23:00:00Z,62,43,985.033,10.7,10.9,15.875,17.321,19.439,20.99
2025-01-19T00:00:00Z,62,42.5,985.112,6.3,6.8,10.399,12.127,10.418,12.188
2025-01-19T01:00:00Z,62,42,985.073,5.6,6,9.014,10.692,9.014,10.692
2025-01-19T02:00:00Z,62,41.434,985.313,6.9,7.2,11.709,13.104,11.709,13.104
2025-01-19T03:00:00Z,62,41,985.207,6.5,6.9,11.134,12.332,11.134,12.332
2025-01-19T04:00:00Z,62.034,41,985.603,4.5,4.8,7.192,8.643,7.192,8.643
2025-01-19T05:00:00Z,62.733,40.367,985.841,5,5.3,8.357,9.57,8.357,9.57
2025-01-19T06:00:00Z,63.4,41.567,986.054,6.9,7.5,11.893,13.377,11.893,13.377
2025-01-19T07:00:00Z,60.8,42,986.549,5.5,5.9,8.959,10.213,8.959,10.213
2025-01-19T08:00:00Z,55.933,41.767,986.935,1.1,1.1,1.099,1.15,1.099,1.15
2025-01-19T09:00:00Z,53.867,40.4,987.578,1.1,1,1.066,0.996,1.066,0.996
2025-01-19T10:00:00Z,51.234,39.2,988.213,1.2,1.2,1.204,1.274,1.204,1.274
2025-01-19T11:00:00Z,49.5,37.334,988.43,0.9,0.9,0.762,0.831,0.762,0.831
2025-01-19T12:00:00Z,49,36.867,988.585,1,1,0.942,0.996,0.942,0.996
2025-01-19T13:00:00Z,48.6,37.767,989.068,0.9,0.9,0.796,0.785,0.796,0.785
2025-01-19T14:00:00Z,46.133,39.4,989.879,0.9,1,0.76,0.903,0.76,0.903
2025-01-19T15:00:00Z,44.334,40,990.001,0.9,0.9,0.786,0.878,0.786,0.878
2025-01-19T16:00:00Z,43.9,40.3,988.862,1,0.9,0.845,0.887,0.845,0.887
2025-01-19T17:00:00Z,43.1,40,988.197,1.1,1.1,1.117,1.206,1.117,1.209
2025-01-19T18:00:00Z,46,38.367,987.179,1,1,0.913,0.981,0.913,0.981
2025-01-19T19:00:00Z,52.1,37.1,986.599,1.4,1.4,1.534,1.679,1.534,1.679
2025-01-19T20:00:00Z,55.367,35.867,986.344,1.7,1.7,2.241,2.286,2.241,2.286
2025-01-19T21:00:00Z,55.767,34.666,986.374,2,2.1,2.722,3.139,2.722,3.139
2025-01-19T22:00:00Z,55.367,32.933,986.471,1.8,1.8,2.293,2.441,2.293,2.441
2025-01-19T23:00:00Z,56.2,31.733,987.251,1.6,1.7,2.046,2.279,2.046,2.279
2025-01-20T00:00:00Z,57.767,29.433,986.856,1.5,1.4,1.796,1.852,1.796,1.852
2025-01-20T01:00:00Z,58.933,27.667,987.132,1.6,1.6,1.995,2.189,1.995,2.189
2025-01-20T02:00:00Z,58,27.033,987.223,2.1,2.1,3.112,3.159,3.112,3.159
2025-01-20T03:00:00Z,58.133,26.267,987.475,1.9,2,2.688,3.067,2.688,3.067
2025-01-20T04:00:00Z,58.2,25.7,988.056,2.2,2.2,3.568,4.027,3.568,4.027
2025-01-20T05:00:00Z,57.1,25.4,988.634,1.8,1.7,2.529,2.683,2.529,2.683
2025-01-20T06:00:00Z,53.2,24.467,989.472,0.9,0.8,0.766,0.714,0.766,0.714
2025-01-20T07:00:00Z,51.166,23.534,990.513,0.7,0.6,0.376,0.232,0.376,0.232
2025-01-20T08:00:00Z,49.666,21.367,991.388,0.6,0.6,0.239,0.267,0.239,0.267
2025-01-20T09:00:00Z,48.133,19.767,992.368,0.7,0.7,0.547,0.475,0.547,0.475
2025-01-20T10:00:00Z,47.533,18.667,993.754,2.6,0.8,3.948,0.611,3.948,0.611
2025-01-20T11:00:00Z,47,17.434,994.835,3.8,0.9,6.984,0.718,6.984,0.718
2025-01-20T12:00:00Z,47,16.966,996.382,1.7,2.5,2.826,4.476,2.899,4.556
2025-01-20T13:00:00Z,46.567,18.667,997.363,1.9,1.8,2.606,2.963,2.606,2.963
2025-01-20T14:00:00Z,43.867,21.867,998.721,1.4,1.4,1.908,1.998,1.917,2.005
2025-01-20T15:00:00Z,38.6,25.633,999.774,1.3,1.3,1.669,1.766,1.669,1.766
2025-01-20T16:00:00Z,36.367,28.033,999.704,0.7,0.7,0.52,0.462,0.52,0.462
2025-01-20T17:00:00Z,37.1,27.8,999.652,1,0.9,0.808,0.883,0.808,0.883
2025-01-20T18:00:00Z,37.267,27.9,999.927,1.3,1.2,1.502,1.496,1.502,1.496
2025-01-20T19:00:00Z,36.433,27.5,1000.484,1.1,1.1,1.055,1.114,1.055,1.114
2025-01-20T20:00:00Z,35.733,25.633,1001.487,1.2,1.1,1.239,1.171,1.239,1.171
2025-01-20T21:00:00Z,37.1,24.166,1002.578,1.7,1.6,2.462,2.628,2.462,2.628
2025-01-20T22:00:00Z,40.567,21.158,1003.53,1.1,1,1.028,0.881,1.028,0.881
2025-01-20T23:00:00Z,42.867,17.066,1004.51,0.9,4.3,0.633,11.443,0.633,11.512
2025-01-21T00:00:00Z,44.433,15.434,1005.546,1.3,6.8,1.766,17.097,1.766,19.27
2025-01-21T01:00:00Z,45,14.1,1006.432,1.2,1,1.177,1.011,1.177,1.011
2025-01-21T02:00:00Z,45.4,12.534,1006.719,2.3,2,4.075,3.861,4.075,3.861
2025-01-21T03:00:00Z,46,11.434,1006.943,1.2,1.2,1.611,1.692,1.611,1.692
2025-01-21T04:00:00Z,46.067,10.066,1007.404,1.4,1.3,2.032,1.974,2.032,1.974
2025-01-21T05:00:00Z,47.467,9.666,1007.561,1.6,1.5,2.644,2.712,2.644,2.712
2025-01-21T06:00:00Z,47.034,9.233,1007.887,1.7,1.6,3.101,3.005,3.101,3.005
2025-01-21T07:00:00Z,47.1,9,1008.245,1.8,1.7,3.296,3.228,3.296,3.228
2025-01-21T08:00:00Z,47,8.966,1008.352,2.1,2,3.933,3.971,3.933,3.971
2025-01-21T09:00:00Z,47,9,1007.985,1.9,1.8,3.567,3.675,3.567,3.675
2025-01-21T10:00:00Z,46.666,9.867,1008.264,7.4,7,15.22,14.923,19.276,18.8
2025-01-21T11:00:00Z,45.567,10.133,1008.856,2.6,2.5,5.351,5.617,5.351,5.617
2025-01-21T12:00:00Z,44.7,9.867,1009.794,2.5,2.5,5.066,5.562,5.066,5.562
2025-01-21T13:00:00Z,45.334,10.633,1010.091,3,2.9,6.388,6.383,6.582,6.551
2025-01-21T14:00:00Z,42.6,14.334,1010.481,4.3,3.7,9.277,8.604,9.512,8.854
2025-01-21T15:00:00Z,38.434,17.5,1010.399,3.7,5.9,8.101,13.912,8.101,14.532
2025-01-21T16:00:00Z,34.7,21.834,1009.163,2.6,2.6,4.966,5.295,4.966,5.295
2025-01-21T17:00:00Z,32.367,24.334,1007.702,2.5,2.6,4.59,4.982,4.59,4.982
2025-01-21T18:00:00Z,30.733,25.8,1006.828,2.3,2.3,3.976,4.303,3.976,4.303
2025-01-21T19:00:00Z,29.2,24.4,1006.198,15.5,14.7,29.333,28.866,41.677,40.72
2025-01-21T20:00:00Z,29.4,23.966,1005.894,5.3,5.4,9.858,10.242,11.692,12.037
2025-01-21T21:00:00Z,32.367,22.1,1006.466,2,2,3.315,3.758,3.315,3.758
2025-01-21T22:00:00Z,35.8,18.733,1006.817,2.2,2.2,4.066,4.224,4.066,4.224
2025-01-21T23:00:00Z,38.567,15.934,1007.311,3,6,6.162,15.101,6.162,15.373
2025-01-22T00:00:00Z,39.8,13.067,1007.841,3.2,3.1,7.024,7.263,7.024,7.263
2025-01-22T01:00:00Z,40.9,11.267,1007.92,2.8,2.7,5.883,6.162,5.883,6.162
2025-01-22T02:00:00Z,41.933,11,1008.279,2.5,2.5,5.163,5.492,5.163,5.492
2025-01-22T03:00:00Z,42,10,1008.091,2.9,2.9,6.355,6.457,6.355,6.457
2025-01-22T04:00:00Z,42.2,8.966,1008.151,2.8,2.8,6.005,6.295,6.005,6.295
2025-01-22T05:00:00Z,43,8.834,1008.024,2.5,2.4,5.024,5.256,5.024,5.256
2025-01-22T06:00:00Z,43.166,9,1007.637,2.7,2.7,5.688,6.067,5.688,6.067
2025-01-22T07:00:00Z,43.4,9,1008.026,2.9,2.7,6.098,6.157,6.098,6.157
2025-01-22T08:00:00Z,43.6,8.067,1008.393,2.8,2.7,6.077,6.031,6.077,6.031
2025-01-22T09:00:00Z,43.867,6.267,1008.656,3,2.9,6.191,6.309,6.191,6.309
2025-01-22T10:00:00Z,44,5.966,1009.175,3.7,2.7,7.34,6.079,7.34,6.079
2025-01-22T11:00:00Z,44.067,5.367,1009.509,4.2,2.9,8.418,6.399,8.418,6.399
2025-01-22T12:00:00Z,44.233,5,1009.578,4,3.5,8.998,8.329,8.998,8.329
2025-01-22T13:00:00Z,44,5.934,1009.725,4.1,3.7,9.348,8.688,9.348,8.688
2025-01-22T14:00:00Z,44,11.666,1010.004,4.3,4.1,9.748,9.902,9.748,9.902
2025-01-22T15:00:00Z,36.867,19.166,1009.902,4.1,6.4,8.821,16.425,8.821,18.394
2025-01-22T16:00:00Z,32.267,22.867,1009.442,3.7,3.7,7.412,7.911,7.412,7.911
2025-01-22T17:00:00Z,30.7,24.466,1008.921,3.7,3.8,7.277,7.91,7.277,7.91
2025-01-22T18:00:00Z,29.666,25,1008.5,4.1,4.1,8.176,8.744,8.176,8.744
2025-01-22T19:00:00Z,29.867,24.334,1007.962,5.3,5.4,10.782,11.886,11.267,12.361
2025-01-22T20:00:00Z,30.166,23.034,1007.791,4.2,4.1,8.563,9.159,8.563,9.159
2025-01-22T21:00:00Z,34.066,21.966,1008.199,4.5,4.6,9.471,10.314,9.471,10.314
2025-01-22T22:00:00Z,37.8,20.834,1008.407,5.4,5.5,11.643,13.002,11.643,13.002
2025-01-22T23:00:00Z,38.633,20,1008.136,6.4,6.6,14.596,15.468,14.596,15.468
2025-01-23T00:00:00Z,40.6,20.867,1007.822,5.6,5.8,12.551,13.624,12.551,13.624
2025-01-23T01:00:00Z,38.867,21.666,1007.418,5.3,5.4,11.315,12.338,11.315,12.338
2025-01-23T02:00:00Z,38.967,21.367,1006.886,6.8,7.1,15.71,16.991,15.71,16.991
2025-01-23T03:00:00Z,40.034,20.5,1006.543,6.9,7.3,15.767,17.663,15.767,17.663
2025-01-23T04:00:00Z,41.034,20.034,1006.042,7.2,7.3,16.488,17.747,16.596,17.874
2025-01-23T05:00:00Z,39.7,20.934,1005.209,7,7.3,16.184,17.405,16.184,17.405
2025-01-23T06:00:00Z,38.2,21,1004.644,6.2,6.3,13.846,14.828,13.846,14.828
2025-01-23T07:00:00Z,39.334,20.367,1004.329,5.9,6.2,12.869,14.544,12.869,14.544
2025-01-23T08:00:00Z,38.667,20.2,1004.178,6.5,6.6,14.431,15.675,14.431,15.675
2025-01-23T09:00:00Z,37.666,20.334,1003.754,7.3,7.4,16.716,17.803,16.716,17.803
2025-01-23T10:00:00Z,37.3,20.133,1003.001,7.8,7.9,18.031,19.148,18.031,19.148
2025-01-23T11:00:00Z,38.2,20.066,1002.361,10,10.4,23.383,25.032,24.041,25.908
2025-01-23T12:00:00Z,39.133,20.666,1001.965,13,13.6,28.668,31.226,31.385,34.154
2025-01-23T13:00:00Z,40.034,20,1001.806,10.2,10.7,24.13,26.668,24.264,26.859
2025-01-23T14:00:00Z,39.433,21.2,1001.586,9.9,10.5,23.55,25.578,23.55,25.578
2025-01-23T15:00:00Z,34.666,25.7,1000.971,9.1,9.6,19.937,22.065,19.937,22.065
2025-01-23T16:00:00Z,32.267,27.733,999.605,8.6,9.1,18.279,19.897,18.279,19.897
2025-01-23T17:00:00Z,31.034,29.267,998.225,8.3,8.9,17.174,19.308,17.174,19.308
2025-01-23T18:00:00Z,30,30.566,996.854,8,8.6,16.349,18.044,16.349,18.044
2025-01-23T19:00:00Z,30.475,30.066,995.774,8.2,9,16.999,19.244,16.999,19.244
2025-01-23T20:00:00Z,31.267,30,995.505,8.5,9.3,17.282,19.563,17.282,19.563
2025-01-23T21:00:00Z,34.067,29.3,995.581,7.8,8.4,15.984,18.084,15.984,18.084
2025-01-23T22:00:00Z,38.566,26.5,995.815,7.6,8,16.27,18.066,16.27,18.066
2025-01-23T23:00:00Z,40.433,23.767,995.975,7.7,8,16.925,18.328,16.925,18.328
2025-01-24T00:00:00Z,42.167,22.3,996.178,8.1,8.6,18.308,20.061,18.308,20.061
2025-01-24T01:00:00Z,43,21.1,996.071,10.9,11.4,26.12,28.386,26.135,28.438
2025-01-24T02:00:00Z,43.933,19.034,996.151,8.3,8.6,19.699,21.041,19.699,21.041
2025-01-24T03:00:00Z,44.3,17.966,996.161,9.8,9,22.763,22.713,22.763,22.713
2025-01-24T04:00:00Z,45.567,17.267,996.034,8,7.4,18.515,18.712,18.515,18.712
2025-01-24T05:00:00Z,47.133,17.9,995.623,7.4,7.3,16.982,17.97,16.982,17.97
2025-01-24T06:00:00Z,48,19,995.438,6.5,6.5,14.53,15.953,14.53,15.953
2025-01-24T07:00:00Z,48.6,20.034,995.676,6.3,6.5,14.279,15.556,14.279,15.556
2025-01-24T08:00:00Z,48.334,21,995.702,6.5,6.8,14.479,16.181,14.479,16.181
2025-01-24T09:00:00Z,49.667,21.7,995.578,6.5,6.8,14.27,15.772,14.27,15.772
2025-01-24T10:00:00Z,50.666,21.733,995.788,6.4,6.8,14.297,15.704,14.297,15.704
2025-01-24T11:00:00Z,51.4,22.6,996.219,8.7,9,19.774,21.417,19.851,21.584
2025-01-24T12:00:00Z,51.1,22.233,996.71,7.6,7.8,17.009,18.273,17.009,18.273
2025-01-24T13:00:00Z,51.6,23.067,997.184,8.4,9.1,19.204,21.259,19.212,21.275
2025-01-24T14:00:00Z,48.6,29.133,997.26,6.8,7.2,13.729,15.265,13.729,15.268
2025-01-24T15:00:00Z,42,33.9,997.625,5.7,5.9,10.273,11.55,10.273,11.55
2025-01-24T16:00:00Z,37.633,36.466,997.394,5.1,5.3,8.917,9.983,8.917,9.983
2025-01-24T17:00:00Z,35.267,36.666,997.276,4.8,5,8.511,9.268,8.511,9.268
2025-01-24T18:00:00Z,36.7,35.933,997.503,4.6,4.8,8.016,9.027,8.016,9.027
2025-01-24T19:00:00Z,37.1,35.733,997.624,4.6,4.8,8.108,8.989,8.108,8.989
2025-01-24T20:00:00Z,37.267,34.367,997.983,4.5,4.4,7.845,8.451,7.845,8.451
2025-01-24T21:00:00Z,38.4,32.6,998.316,3.4,3.6,5.744,6.675,5.744,6.675
2025-01-24T22:00:00Z,42.367,29.8,999.07,3.2,3.3,5.651,6.148,5.651,6.148
2025-01-24T23:00:00Z,43.733,27.1,999.86,3.6,3.7,6.574,7.361,6.574,7.361
2025-01-25T00:00:00Z,45.4,24.8,1000.743,4,4.2,7.922,8.655,7.922,8.655
2025-01-25T01:00:00Z,47.767,24,1001.365,4.6,4.7,9.132,10.03,9.132,10.03
2025-01-25T02:00:00Z,48.633,23.834,1001.746,6.2,6.4,13.063,14.326,13.297,14.671
2025-01-25T03:00:00Z,48.8,23.633,1001.857,5.1,5.4,10.633,11.95,10.633,11.95
2025-01-25T04:00:00Z,48.4,22.066,1001.532,5.5,5.6,11.876,12.755,11.876,12.755
2025-01-25T05:00:00Z,49.1,19.666,1001.678,4.6,4.8,10.294,11.068,10.294,11.068
2025-01-25T06:00:00Z,49.334,18.167,1001.992,5,4.8,10.793,11.036,10.793,11.036
2025-01-25T07:00:00Z,49.834,17.434,1002.496,4.5,4.4,9.762,10.418,9.762,10.418
2025-01-25T08:00:00Z,49.933,18,1002.42,5.3,4.5,10.901,10.238,10.901,10.238
2025-01-25T09:00:00Z,50,18.534,1002.537,5.6,4.8,11.795,11.165,11.795,11.165
2025-01-25T10:00:00Z,51,19.666,1003.02,4.5,4.6,9.791,10.715,9.791,10.715
2025-01-25T11:00:00Z,50.6,19.367,1003.413,5.3,5.4,12.3,12.84,12.3,12.84
2025-01-25T12:00:00Z,50.533,17.6,1003.703,5.2,4.6,11.114,10.847,11.114,10.847
2025-01-25T13:00:00Z,51.533,18.3,1003.701,3.9,4.5,7.947,11.021,7.947,11.021
2025-01-25T14:00:00Z,49.633,23.834,1003.309,3.8,3.8,7.349,8.177,7.349,8.177
2025-01-25T15:00:00Z,41.166,29.634,1002.995,3.2,3.2,5.542,6.292,5.542,6.292
2025-01-25T16:00:00Z,36.367,32.633,1001.928,2.7,2.7,4.061,4.654,4.061,4.654
2025-01-25T17:00:00Z,34.933,34.334,1000.518,3.2,3.4,5.324,6.357,5.324,6.357
2025-01-25T18:00:00Z,34.2,35.3,999.849,3.7,3.8,6.138,7.394,6.138,7.394
2025-01-25T19:00:00Z,35.934,34.8,999.218,4.8,5,8.469,9.595,8.469,9.595
2025-01-25T20:00:00Z,36.8,33.933,998.779,4.3,4.5,7.465,8.494,7.465,8.494
2025-01-25T21:00:00Z,36.367,34.067,998.547,4.7,4.8,8.259,9.322,8.32,9.498
2025-01-25T22:00:00Z,40.534,34,998.89,3.7,3.8,6.484,7.144,6.484,7.144
2025-01-25T23:00:00Z,42.9,32.867,999.103,5.6,5.9,10.694,12.098,10.694,12.098
2025-01-26T00:00:00Z,43.767,31.334,998.899,4.6,4.8,8.412,9.567,8.412,9.567
2025-01-26T01:00:00Z,44.2,29.833,998.605,5.7,6,11.088,12.371,11.088,12.371
2025-01-26T02:00:00Z,45.233,27.3,998.224,6.4,6.8,13.159,14.62,13.159,14.62
2025-01-26T03:00:00Z,45.8,24.8,997.905,6.6,6.8,13.681,15.23,13.681,15.23
2025-01-26T04:00:00Z,47.3,23.334,997.599,7.1,7.3,15.308,16.915,15.308,16.915
2025-01-26T05:00:00Z,48.334,22.466,997.242,8.7,9,19.378,21.005,19.378,21.005
2025-01-26T06:00:00Z,49,22,996.844,11.3,12.1,26.877,29.453,26.877,29.453
2025-01-26T07:00:00Z,49.334,22,995.74,11.6,12.4,27.628,30.588,27.628,30.588
2025-01-26T08:00:00Z,50.133,21.7,994.623,12.1,12.7,28.907,31.525,28.907,31.525
2025-01-26T09:00:00Z,51.4,22.7,994.178,12.6,13.7,29.992,33.523,29.992,33.523
2025-01-26T10:00:00Z,51.834,24.534,993.975,12.8,13.5,29.829,32.456,29.829,32.459
2025-01-26T11:00:00Z,51.367,24.5,993.943,12.2,13.3,28.635,32.064,28.635,32.064
2025-01-26T12:00:00Z,52.4,24.233,994.257,12.3,13.4,28.308,32.019,28.331,32.085
2025-01-26T13:00:00Z,55.867,27.167,994.645,13.6,14.6,30.849,33.901,30.916,34.097
2025-01-26T14:00:00Z,55.334,31.867,994.439,10.1,11.1,20.709,23.694,20.709,23.694
2025-01-26T15:00:00Z,46.933,38.967,994.434,4.9,5.3,8.256,9.603,8.256,9.603
2025-01-26T16:00:00Z,41.333,40.767,994.384,2.7,2.8,3.855,4.591,3.855,4.591
2025-01-26T17:00:00Z,35.733,42.834,994.336,1.7,1.7,2.178,2.374,2.178,2.374
2025-01-26T18:00:00Z,34,42.834,994.798,1.4,1.4,1.694,1.823,1.694,1.823
2025-01-26T19:00:00Z,33.2,42.633,995.292,1.3,1.2,1.435,1.535,1.435,1.535
2025-01-26T20:00:00Z,33.533,41.966,995.629,1.3,1.3,1.422,1.622,1.422,1.622
2025-01-26T21:00:00Z,33.4,40.7,995.969,1.1,1,1.143,1.074,1.143,1.074
2025-01-26T22:00:00Z,34.5,38.833,996.532,1,1,0.989,1.048,0.989,1.048
2025-01-26T23:00:00Z,39.3,36.566,996.915,2.4,2.5,3.679,4.135,3.679,4.135
2025-01-27T00:00:00Z,43.233,34.058,996.95,2,2,2.659,3.149,2.659,3.149
2025-01-27T01:00:00Z,45.034,32.033,996.901,1.6,1.5,2.015,2.167,2.015,2.167
2025-01-27T02:00:00Z,46.2,29.8,996.486,1.2,1.2,1.356,1.326,1.356,1.326
2025-01-27T03:00:00Z,47.433,28.233,995.699,1.5,1.5,1.976,2.064,1.976,2.064
2025-01-27T04:00:00Z,48.9,27,995.314,1.7,1.8,2.281,2.688,2.281,2.688
2025-01-27T05:00:00Z,49,26.4,994.928,2.1,2.1,3.156,3.926,3.156,3.926
2025-01-27T06:00:00Z,49.3,24.933,994.268,1.5,1.5,1.939,2.28,1.939,2.28
2025-01-27T07:00:00Z,50.767,24,994.102,1.3,1.3,1.574,1.688,1.574,1.688
2025-01-27T08:00:00Z,50.966,24.733,993.504,1.8,1.8,2.635,2.917,2.635,2.917
2025-01-27T09:00:00Z,50.433,23.733,992.708,2.2,2.2,3.837,4.14,3.837,4.14
2025-01-27T10:00:00Z,51.733,23,992.535,2.7,2.8,4.895,5.216,4.9,5.216
2025-01-27T11:00:00Z,51.367,22.9,992.375,3,3.1,5.458,6.033,5.458,6.033
2025-01-27T12:00:00Z,51.966,23,991.927,2.9,2.9,5.186,5.691,5.186,5.691
2025-01-27T13:00:00Z,51.433,24.8,991.43,3.1,3.1,5.525,6.089,5.525,6.089
2025-01-27T14:00:00Z,46.334,30.934,990.89,2.6,2.6,4.082,4.53,4.082,4.53
2025-01-27T15:00:00Z,39.334,35.967,989.953,2,2,2.593,2.751,2.593,2.751
2025-01-27T16:00:00Z,36.433,39.2,988.354,2.2,2.3,3.039,3.351,3.039,3.351
2025-01-27T17:00:00Z,34.433,42,986.881,1.9,1.9,2.607,2.728,2.607,2.728
2025-01-27T18:00:00Z,32.3,43.2,985.377,1.3,1.3,1.551,1.638,1.551,1.638
2025-01-27T19:00:00Z,30.567,44,983.807,1,0.9,0.873,0.808,0.873,0.808
2025-01-27T20:00:00Z,30.833,43.5,982.558,0.8,0.8,0.576,0.657,0.576,0.657
2025-01-27T21:00:00Z,33.534,42.133,981.602,1.3,1.3,1.498,1.556,1.498,1.556
2025-01-27T22:00:00Z,37.6,39.633,981.053,1.8,1.8,2.295,2.532,2.295,2.532
2025-01-27T23:00:00Z,39.067,37.1,980.128,2.1,2.3,2.88,3.285,2.88,3.285
