id,time_stamp,pm2.5_alt_a,pm2.5_alt_b,pm2.5_atm_a,pm2.5_atm_b,pm2.5_cf_1_a,pm2.5_cf_1_b,temperature,humidity,pressure
166371,1698385200,13.20,14.40,23.62,23.95,23.62,23.95,66.8,63,1020.068
166371,1698432000,4.90,5.60,8.10,8.80,8.10,8.80,84,36.4,1015.514
166371,1698398400,12.50,13.70,22.17,23.24,22.17,23.24,64.6,65,1019.136
166371,1698378000,11.90,13.40,21.12,22.12,21.12,22.12,68,60.8,1020.55
166371,1698383400,13.60,14.70,24.39,24.38,24.39,24.38,66,63,1020.096
166371,1698373200,12.40,14.10,22.20,23.00,22.20,23.00,68.2,59,1020.34
166371,1698381600,13.60,14.90,23.71,24.73,23.71,24.73,67,62,1020.286
166371,1698441000,4.60,5.00,7.68,7.73,7.68,7.73,83,40,1015.092
166371,1698414000,9.90,11.60,17.38,18.32,17.38,18.32,70,53.8,1019.252
166371,1698381000,12.90,14.40,23.19,23.71,23.19,23.71,67,62,1020.256
166371,1698449400,7.80,8.60,13.57,13.79,13.57,13.79,74,54,1014.774
166371,1698379800,13.10,14.20,23.41,23.07,23.41,23.07,67,61,1020.416
166371,1698412800,11.50,12.90,20.40,21.10,20.40,21.10,69,57,1019.59
166371,1698382200,13.60,15.20,24.03,24.91,24.03,24.91,67,62,1020.154
166371,1698376200,11.70,12.80,20.54,20.76,20.54,20.76,68,60,1020.572
166371,1698428400,4.20,4.90,6.78,7.21,6.78,7.21,84,37.2,1016.322
166371,1698366600,10.90,12.40,19.15,20.14,19.15,20.14,71,55,1020.188
166371,1698391200,12.60,13.90,22.20,22.58,22.20,22.58,66.8,64,1019.688
166371,1698418200,8.00,9.00,13.62,14.10,13.62,14.10,73.6,47,1018.846
166371,1698422400,7.30,8.20,12.48,12.90,12.48,12.90,77.2,43,1018.016
166371,1698404400,12.30,14.00,22.10,23.90,22.10,23.90,65,65,1019.382
166371,1698426600,5.10,5.90,8.55,8.75,8.55,8.75,82,38.2,1016.946
166371,1698540600,0.60,0.50,0.11,0.06,0.11,0.06,64,43,1020.67
166371,1698561000,1.10,1.00,1.11,0.89,1.11,0.89,58,56.2,1022.192
166371,1698574200,1.00,0.90,0.88,0.87,0.88,0.87,57,55,1022.268
166371,1698577800,0.70,0.70,0.42,0.32,0.42,0.32,56,53,1021.774
166371,1698619200,1.80,1.70,2.60,2.16,2.60,2.16,51.6,70,1021.168
166371,1698557400,1.10,1.00,1.12,0.96,1.12,0.96,59,53,1021.544
166371,1698591000,0.90,0.70,0.78,0.36,0.78,0.36,52,64.6,1024.17
166371,1698549000,0.80,0.60,0.63,0.34,0.63,0.34,62,47,1021.686
166371,1698555000,0.80,0.90,0.64,0.73,0.64,0.73,59.4,51,1020.692
166371,1698597000,1.10,1.00,1.06,0.99,1.06,0.99,51.4,67,1023.59
166371,1698595200,1.00,0.90,0.94,0.72,0.94,0.72,51,67,1024.024
166371,1698561600,1.00,0.90,1.07,0.81,1.07,0.81,58,57,1022.45
166371,1698556800,1.10,1.00,1.04,0.96,1.04,0.96,59,53,1021.406
166371,1698565800,1.50,1.60,1.84,1.79,1.85,1.79,57,59,1022.124
166371,1698550200,0.70,0.70,0.50,0.45,0.50,0.45,61,48.6,1021.84
166371,1698559200,1.10,1.00,1.32,0.96,1.32,0.96,59,55,1021.598
166371,1698568800,1.30,1.30,1.62,1.37,1.62,1.37,57,57.8,1022.036
166371,1698567600,1.40,1.40,1.82,1.60,1.82,1.60,57,59,1022.034
166371,1698550800,0.80,0.80,0.73,0.36,0.73,0.36,61,49,1021.848
166371,1698604200,1.60,1.60,2.22,1.65,2.22,1.65,50.6,69.4,1021.748
166371,1698558600,1.10,0.90,1.13,0.87,1.13,0.87,59,54.6,1021.538
166371,1698583800,0.60,0.60,0.39,0.06,0.39,0.06,53.8,52.8,1024.4
166371,1698601800,1.80,1.60,2.57,1.96,2.57,1.96,50,68.8,1022.34
166371,1698582000,0.70,0.60,0.37,0.22,0.37,0.22,54,50.4,1023.752
166371,1698565200,1.10,1.10,1.27,1.03,1.27,1.03,57,59,1022.192
166371,1698598200,1.20,1.10,1.37,1.06,1.37,1.06,51,67.8,1023.162
166371,1698587400,1.10,0.90,1.33,0.77,1.33,0.77,53,60.4,1024.4
166371,1698566400,1.50,1.40,2.07,1.67,2.07,1.67,57,59,1022.338
166371,1698532800,0.60,0.50,0.28,0.05,0.28,0.05,67,42,1019.056
166371,1698536400,0.60,0.50,0.30,0.10,0.30,0.10,65,43,1020.012
166371,1698498000,8.80,9.70,15.58,15.41,15.58,15.41,67.6,64.2,1015.258
166371,1698498600,7.90,9.10,13.50,14.53,13.50,14.53,68.2,63.2,1015.294
166371,1698492600,8.00,9.00,14.22,14.99,14.22,14.99,64,65.8,1015.068
166371,1698477600,7.40,8.40,13.32,13.34,13.32,13.34,66,63,1014.13
166371,1698511200,6.90,7.50,11.76,11.53,11.76,11.53,79,51,1014.078
166371,1698528000,0.80,0.70,0.55,0.24,0.55,0.24,70,39,1018.428
166371,1698465600,12.20,13.80,21.68,22.36,21.68,22.36,71,58,1014.816
166371,1698462600,15.40,16.90,26.87,27.61,26.93,27.68,71,58,1014.894
166371,1698527400,0.90,0.80,0.55,0.53,0.55,0.53,69.8,39.4,1017.818
166371,1698472200,7.90,9.00,13.95,14.32,13.95,14.32,68,61,1014.798
166371,1698523800,1.30,1.20,0.99,1.20,0.99,1.20,73,46,1017.212
166371,1698451800,8.60,9.90,15.33,15.87,15.33,15.87,73,55.2,1014.522
166371,1698455400,12.40,14.10,22.36,22.68,22.36,22.68,72,56.8,1014.684
166371,1698452400,8.90,10.30,15.99,16.50,15.99,16.50,72.6,55.2,1014.086
166371,1698507000,6.40,6.80,10.38,10.58,10.38,10.58,78,52,1014.554
166371,1698496200,9.30,10.60,16.71,17.37,16.71,17.37,66,66,1015.19
166371,1698466200,11.80,13.30,21.05,21.85,21.05,21.85,71,58,1014.796
166371,1698484800,8.70,9.70,14.96,15.37,14.96,15.37,65,64,1014.32
166371,1698510600,6.80,7.50,11.25,11.74,11.25,11.74,79,51,1014.016
166371,1698533400,0.80,0.70,0.52,0.29,0.52,0.29,67,42,1019.322
166371,1698477000,7.10,8.00,12.47,12.58,12.47,12.58,66,63,1014.114
166371,1698489000,7.00,7.80,12.28,12.16,12.28,12.16,64.8,65,1014.862
166371,1698492000,7.40,8.60,13.19,13.83,13.19,13.83,64,65.2,1014.996
166371,1698520800,1.50,1.50,1.49,1.65,1.49,1.65,73,50,1016.726
166371,1698507600,6.30,7.10,10.58,11.05,10.58,11.05,78.4,51.6,1014.302
166371,1698529200,0.80,0.60,0.44,0.24,0.44,0.24,69,39.6,1018.578
166371,1698496800,9.70,10.10,16.83,16.68,16.83,16.68,66.4,65.4,1015.202
166371,1698363600,9.20,9.90,16.05,16.29,16.05,16.29,72,51.4,1020.696
166371,1698360600,9.30,10.90,16.80,17.65,16.80,17.65,74,48.6,1020.788
166371,1698375000,11.90,13.30,21.27,21.88,21.27,21.88,68,60,1020.584
166371,1698427200,4.70,5.60,7.82,8.21,7.82,8.21,82.25,38,1016.663
166371,1698421200,6.80,8.00,11.89,12.41,11.89,12.41,76,43.5,1018.308
166371,1698397800,13.00,13.80,22.86,23.52,22.86,23.52,65,65,1019.622
166371,1698446400,6.20,7.20,10.83,11.44,10.83,11.44,76.4,50,1014.806
166371,1698379200,12.60,14.20,22.53,23.36,22.53,23.36,66.6,61,1019.998
166371,1698376800,11.50,13.00,20.41,21.44,20.41,21.44,68,60,1020.536
166371,1698394200,12.50,13.40,22.48,22.59,22.48,22.59,65,65,1019.604
166371,1698444000,5.40,6.00,8.82,9.18,8.82,9.18,79.8,45.2,1014.84
166371,1698372000,12.20,13.90,22.03,22.61,22.03,22.61,69,59,1020.388
166371,1698442800,4.70,5.50,7.78,8.47,7.78,8.47,81,42.6,1015.042
166371,1698423600,6.70,7.80,11.53,12.32,11.53,12.32,78.8,42,1017.658
166371,1698432600,5.20,5.40,8.55,7.81,8.55,7.81,84.4,36,1015.382
166371,1698430200,5.10,5.40,8.56,8.54,8.56,8.54,84,36.6,1015.838
166371,1698443400,4.90,5.70,7.90,8.50,7.90,8.50,80.4,43.8,1014.942
166371,1698421800,7.10,8.10,12.17,12.90,12.17,12.90,76.5,43,1018.288
166371,1698435600,4.80,5.60,7.58,8.26,7.58,8.26,84,36.6,1015.278
166371,1698448200,6.70,7.70,11.33,12.01,11.33,12.01,74.6,52.8,1014.742
166371,1698378600,11.90,14.10,21.48,23.15,21.48,23.15,67.4,61,1020.502
166371,1698435000,4.70,5.40,7.97,8.14,7.97,8.14,84.2,36.6,1015.24
166371,1698403800,12.90,13.90,22.71,23.66,22.71,23.66,65,65,1019.324
166371,1698365400,11.80,13.20,21.33,21.94,21.33,21.94,71,54,1020.612
166371,1698396600,12.70,14.10,22.45,23.78,22.45,23.78,65,65,1019.576
166371,1698586800,0.70,0.60,0.55,0.22,0.55,0.22,53,59.4,1024.002
166371,1698608400,1.90,1.60,2.41,1.89,2.41,1.89,50,70.2,1021.396
166371,1698592800,0.90,0.80,0.84,0.64,0.84,0.64,52,65.2,1024.116
166371,1698560400,1.10,1.00,1.15,0.80,1.15,0.80,58,56,1021.968
166371,1698543600,0.80,0.60,0.57,0.33,0.57,0.33,63.8,43,1021.36
166371,1698618000,1.60,1.60,2.05,1.81,2.05,1.81,51.2,70,1021.108
166371,1698615600,1.30,1.30,1.40,1.33,1.40,1.33,51,70.2,1021.028
166371,1698610800,2.00,1.90,2.77,2.34,2.77,2.34,50,71,1021.418
166371,1698547200,0.70,0.60,0.49,0.20,0.49,0.20,62,46,1021.812
166371,1698544200,0.80,0.90,0.43,0.56,0.43,0.56,63.2,43.6,1021.36
166371,1698612000,2.00,1.80,2.82,2.27,2.82,2.27,50.4,71,1020.514
166371,1698547800,0.80,0.70,0.69,0.46,0.69,0.46,62,46.6,1021.746
166371,1698597600,1.10,1.00,1.00,1.01,1.00,1.01,50.6,67.4,1022.952
166371,1698583200,0.70,0.50,0.62,0.13,0.62,0.13,54,51.2,1024.186
166371,1698578400,0.80,0.70,0.38,0.46,0.38,0.46,55.8,52.2,1021.398
166371,1698564600,1.10,1.10,1.18,1.16,1.18,1.16,57.2,58.4,1022.284
166371,1698600600,1.70,1.50,2.30,1.78,2.30,1.78,51,68.2,1022.662
166371,1698553200,0.90,0.90,0.93,0.84,0.93,0.84,60,50.2,1021.334
166371,1698579000,0.80,0.70,0.66,0.24,0.66,0.24,56,52,1021.836
166371,1698549600,0.70,0.70,0.52,0.37,0.52,0.37,61.6,47.4,1021.838
166371,1698559800,1.10,1.20,1.15,1.26,1.15,1.26,58,55.4,1021.638
166371,1698609600,1.80,1.60,2.29,1.92,2.29,1.92,50,70.4,1021.68
166371,1698546600,0.60,0.50,0.41,0.13,0.41,0.13,62,45,1021.746
166371,1698591600,0.90,0.90,0.77,0.73,0.77,0.73,52,65,1024
166371,1698572400,1.10,1.10,1.15,1.10,1.15,1.10,57,56.6,1022.516
166371,1698539400,0.50,0.50,0.18,0.09,0.18,0.09,64,43,1020.418
166371,1698545400,0.60,0.60,0.28,0.21,0.28,0.21,63,45,1021.704
166371,1698454800,12.80,14.60,22.76,23.45,22.76,23.45,72,56,1014.608
166371,1698511800,6.70,7.70,11.19,12.23,11.19,12.23,78.6,51,1014.11
166371,1698483000,9.30,10.50,16.28,16.71,16.28,16.71,65,64,1014.106
166371,1698515400,5.20,5.80,8.09,8.87,8.09,8.87,77,58.6,1014.852
166371,1698494400,9.20,10.60,16.25,17.16,16.25,17.16,64.2,67,1015.128
166371,1698516600,2.60,2.60,3.77,3.42,3.77,3.42,75.8,56,1015.344
166371,1698457200,13.40,15.40,24.17,25.27,24.17,25.27,72,57,1014.72
166371,1698534600,0.60,0.60,0.40,0.17,0.40,0.17,66,42,1019.652
166371,1698505200,6.30,7.10,10.20,10.89,10.20,10.89,76,54.2,1014.682
166371,1698516000,4.10,4.30,6.22,6.38,6.22,6.38,76.2,57.8,1014.692
166371,1698497400,9.00,10.20,15.69,16.61,15.69,16.61,67,64.8,1015.158
166371,1698478800,8.60,9.00,14.66,14.32,14.66,14.32,66,63,1014.146
166371,1698502800,6.80,8.10,11.49,12.48,11.49,12.48,73.2,58,1014.664
166371,1698457800,14.50,16.50,25.73,27.08,25.77,27.16,72,57,1014.784
166371,1698485400,9.80,10.60,16.99,16.86,16.99,16.86,65,64.4,1014.29
166371,1698519000,1.30,1.40,1.39,1.25,1.39,1.25,74,52.6,1016.14
166371,1698506400,6.40,7.00,10.28,10.98,10.28,10.98,77.2,53,1014.686
166371,1698469200,10.10,11.40,17.88,18.76,17.88,18.76,69.8,59,1014.974
166371,1698459600,15.50,17.90,27.75,29.17,27.79,29.58,71,58,1014.65
166371,1698529800,0.70,0.70,0.35,0.19,0.35,0.19,68,40,1018.706
166371,1698481200,9.20,9.80,16.13,15.58,16.13,15.58,66,63.2,1014.202
166371,1698361200,9.00,10.70,16.09,17.74,16.09,17.74,73.8,49,1020.954
166371,1698413400,11.20,12.70,19.54,20.51,19.54,20.51,69.8,55.6,1019.446
166371,1698427800,4.90,5.70,7.95,8.62,7.95,8.62,82.8,37.8,1016.31
166371,1698370800,13.00,14.50,23.03,23.83,23.03,23.83,69,58,1020.428
166371,1698440400,4.70,5.40,7.88,8.25,7.88,8.25,83,40,1015.102
166371,1698445200,5.40,5.70,8.88,8.78,8.88,8.78,78,47.8,1014.776
166371,1698402000,12.70,14.30,22.78,24.21,22.78,24.21,65,65,1019.328
166371,1698386400,13.40,14.40,23.56,23.96,23.56,23.96,67,63,1019.964
166371,1698411600,14.10,15.30,24.64,25.37,24.68,25.41,68,60.4,1019.678
166371,1698372600,12.40,13.90,21.87,22.71,21.87,22.71,69,59,1020.344
166371,1698369600,13.30,14.60,24.05,24.55,24.05,24.56,69,57.6,1020.244
166371,1698380400,13.20,14.70,23.33,24.40,23.33,24.40,67,61.8,1020.274
166371,1698439800,4.60,5.10,7.53,7.93,7.53,7.93,83,39.6,1015.06
166371,1698438000,4.70,5.50,8.31,8.33,8.31,8.33,84,37.6,1015.126
166371,1698405600,12.90,14.50,23.43,24.81,23.43,24.81,65,64.6,1019.548
166371,1698367800,12.50,14.10,22.02,23.13,22.02,23.13,70,55.2,1020.274
166371,1698433800,5.50,5.90,9.38,9.19,9.38,9.19,84,36.6,1015.254
166371,1698364800,11.00,12.50,19.84,20.60,19.86,20.63,71,53.4,1020.684
166371,1698416400,7.50,8.20,12.25,12.81,12.25,12.81,73,47.6,1019.128
166371,1698418800,8.00,9.20,14.01,14.79,14.01,14.79,74,47,1018.808
166371,1698434400,5.20,5.70,8.81,8.78,8.81,8.78,84,37,1015.204
166371,1698389400,12.90,14.20,22.42,23.30,22.42,23.30,67,64,1019.616
166371,1698406200,13.10,14.60,24.28,24.85,24.28,24.85,64,65,1019.578
166371,1698394800,13.00,13.40,22.71,22.95,22.71,22.95,65,65,1019.586
166371,1698420600,7.20,8.00,12.55,12.80,12.55,12.80,75.6,44.4,1018.428
166371,1698373800,12.70,13.60,22.41,22.30,22.41,22.30,68,59,1020.362
166371,1698436200,4.60,5.40,7.50,8.23,7.50,8.23,84,36.6,1015.218
166371,1698408000,13.90,15.00,25.60,25.33,25.60,25.33,64.4,65,1019.62
166371,1698406800,14.20,14.80,26.27,25.49,26.29,25.49,63.6,65,1019.196
166371,1698540000,0.70,0.50,0.30,0.09,0.30,0.09,64,43.2,1020.596
166371,1698580200,0.70,0.60,0.53,0.15,0.53,0.15,55,51,1022.61
166371,1698564000,1.00,1.10,1.13,1.10,1.13,1.10,57.8,58,1022.31
166371,1698558000,1.00,1.00,1.08,0.95,1.08,0.95,58.8,53.8,1021.392
166371,1698613200,1.60,1.60,2.08,1.82,2.08,1.82,51,70.4,1020.93
166371,1698582600,0.90,0.70,0.87,0.40,0.87,0.40,54,51,1023.926
166371,1698568200,1.60,1.30,2.03,1.56,2.03,1.56,57,58.2,1021.87
166371,1698606600,1.90,1.60,2.55,2.01,2.55,2.01,50,70,1021.532
166371,1698542400,0.90,0.70,0.81,0.30,0.81,0.30,64,43,1021.154
166371,1698576600,0.80,0.70,0.74,0.38,0.74,0.38,55.4,53.2,1022.21
166371,1698596400,1.10,1.10,1.18,0.97,1.18,0.97,51.2,68,1023.866
166371,1698607200,1.80,1.90,2.43,2.26,2.43,2.26,50,70.6,1021.55
166371,1698603600,1.70,1.50,2.36,1.83,2.36,1.83,50,69.8,1022.102
166371,1698615000,1.30,1.20,1.43,1.35,1.43,1.35,51,70,1021.208
166371,1698594600,1.00,0.90,0.84,0.74,0.84,0.74,51,66.8,1024.178
166371,1698611400,2.30,1.90,3.16,2.43,3.16,2.43,50.6,71,1021.144
166371,1698543000,0.60,0.60,0.25,0.28,0.25,0.28,64,43,1021.264
166371,1698614400,1.50,1.40,1.83,1.54,1.83,1.54,51,70,1021.114
166371,1698571200,1.40,1.30,1.80,1.25,1.80,1.25,57,58,1022.036
166371,1698514800,6.40,7.20,10.91,10.94,10.91,10.94,77,57.2,1014.654
166371,1698474000,7.20,8.30,12.45,13.21,12.45,13.21,67,61.2,1014.566
166371,1698476400,7.00,8.00,12.09,12.93,12.09,12.93,66,62.6,1014.084
166371,1698480000,9.10,9.70,15.93,15.44,15.93,15.44,66,63,1014.102
166371,1698459000,14.90,16.90,26.71,27.38,26.73,27.52,71,58,1014.776
166371,1698517200,1.70,1.90,2.24,2.34,2.24,2.34,74.8,54.4,1015.656
166371,1698531000,0.80,0.70,0.65,0.28,0.65,0.28,67.8,41,1018.918
166371,1698487800,8.60,9.40,15.34,15.75,15.34,15.75,65,65,1014.698
166371,1698521400,1.40,1.40,1.37,1.35,1.37,1.35,73,49,1016.772
166371,1698454200,11.70,13.30,21.24,21.64,21.24,21.64,72,56,1014.572
166371,1698526200,1.00,1.00,0.93,0.79,0.93,0.79,72.6,42.2,1017.97
166371,1698458400,15.20,16.70,27.11,27.71,27.12,27.88,71.2,57,1014.854
166371,1698501600,7.30,8.40,12.18,12.75,12.18,12.75,72,59.6,1014.916
166371,1698499800,8.80,9.30,14.54,14.82,14.54,14.82,69.6,61.8,1014.872
166371,1698463800,14.40,16.40,25.65,26.44,25.65,26.49,71,59,1014.962
166371,1698503400,7.10,7.70,11.79,11.72,11.79,11.72,74,57,1014.796
166371,1698468600,11.00,12.40,19.67,20.33,19.67,20.33,70,59,1015.026
166371,1698461400,15.40,17.70,27.46,28.67,27.53,28.85,70.4,58,1014.42
166371,1698482400,9.50,10.50,16.71,17.25,16.71,17.25,65.8,63.8,1014.208
166371,1698453600,11.30,12.80,19.86,20.95,19.86,20.95,72,55.8,1014.558
166371,1698364200,9.80,10.90,17.42,17.42,17.42,17.42,71.6,52.2,1020.616
166371,1698369000,13.60,15.40,24.43,25.37,24.43,25.38,70,56.8,1020.188
166371,1698423000,7.30,8.00,12.01,12.46,12.01,12.46,78,42,1017.902
166371,1698371400,12.90,14.50,23.27,23.88,23.27,23.88,69,58.2,1020.372
166371,1698395400,12.60,13.70,22.55,23.57,22.55,23.57,65,65,1019.582
166371,1698384000,13.50,15.10,24.31,24.73,24.31,24.73,66,63,1020.076
166371,1698382800,13.60,15.80,24.52,26.32,24.52,26.32,66.4,62.8,1020.188
166371,1698450000,7.50,8.50,13.31,13.55,13.31,13.55,74,54.4,1014.778
166371,1698399000,12.00,13.50,21.41,22.86,21.41,22.86,65,65,1019.452
166371,1698425400,5.60,6.20,9.21,9.74,9.21,9.74,80.8,40,1017.286
166371,1698417600,7.90,9.10,13.39,14.31,13.39,14.31,73,47,1019.032
166371,1698390000,12.30,13.80,21.97,22.60,21.97,22.60,67,64,1019.648
166371,1698426000,5.00,6.10,8.20,9.04,8.20,9.04,81.2,39,1017.084
166371,1698367200,11.30,12.40,20.12,20.07,20.12,20.07,70.6,55,1020.278
166371,1698392400,12.10,14.00,21.48,23.22,21.48,23.22,66,64,1019.786
166371,1698397200,12.70,14.20,22.41,24.12,22.41,24.12,65,65,1019.586
166371,1698409200,13.90,15.60,25.22,26.58,25.24,26.58,65,66,1019.694
166371,1698430800,5.50,6.30,9.03,9.99,9.03,9.99,84,36.8,1015.716
166371,1698439200,5.60,6.20,9.26,9.48,9.26,9.48,84,39,1014.994
166371,1698412200,12.40,14.20,21.68,22.90,21.68,22.90,68.4,58.8,1019.7
166371,1698387600,12.90,14.20,22.98,23.22,22.98,23.22,67,63.2,1019.73
166371,1698405000,12.70,14.20,23.11,24.17,23.11,24.18,65,65,1019.442
166371,1698370200,12.40,14.30,22.33,23.49,22.33,23.49,68.6,58,1019.86
166371,1698450600,8.00,9.00,14.18,14.51,14.18,14.51,73.4,55,1014.764
166371,1698424800,5.60,6.80,9.35,9.87,9.35,9.87,80,40,1017.48
166371,1698388200,13.00,14.30,23.04,23.52,23.04,23.52,67,64,1019.73
166371,1698384600,13.20,14.80,23.56,24.11,23.56,24.11,66,63,1020.11
166371,1698393000,12.50,13.70,21.90,22.74,21.90,22.74,66,64,1019.66
166371,1698411000,14.70,15.90,25.88,26.04,25.93,26.07,67,62.4,1019.754
166371,1698442200,4.80,5.60,8.18,8.83,8.18,8.83,82,41.6,1015.086
166371,1698577200,0.70,0.70,0.54,0.38,0.54,0.38,55.2,53,1022.1
166371,1698555600,0.80,0.80,0.70,0.68,0.70,0.68,60,51.2,1021.352
166371,1698579600,0.90,0.70,0.65,0.43,0.65,0.43,55,51.4,1021.93
166371,1698585000,0.70,0.70,0.37,0.24,0.37,0.24,53.4,55,1024.832
166371,1698617400,1.60,1.50,1.90,1.76,1.90,1.76,51.2,70,1020.982
166371,1698541800,0.70,0.60,0.47,0.22,0.47,0.22,64,43.4,1021.028
166371,1698569400,1.40,1.10,1.80,1.38,1.80,1.38,57,58,1021.902
166371,1698618600,1.70,1.50,2.10,1.90,2.10,1.90,51,70,1021.242
166371,1698607800,1.90,1.60,2.74,1.99,2.74,1.99,50,70.2,1021.454
166371,1698589800,1.00,0.90,0.80,0.73,0.80,0.73,52.8,63.6,1023.848
166371,1698567000,1.60,1.50,1.93,1.83,1.93,1.83,57,59,1022.166
166371,1698609000,1.60,1.70,2.17,2.07,2.17,2.07,50,70.4,1021.6
166371,1698570000,1.30,1.30,1.57,1.48,1.57,1.48,57,58,1022.278
166371,1698586200,0.70,0.60,0.53,0.17,0.53,0.17,53,58.4,1024.432
166371,1698575400,0.90,0.90,0.89,0.78,0.89,0.78,56,54,1022.18
166371,1698528600,0.80,0.70,0.47,0.34,0.47,0.34,69.2,39,1018.504
166371,1698495600,9.90,10.40,17.26,16.83,17.26,16.83,65.2,66.2,1015.042
166371,1698518400,1.50,1.60,1.66,1.62,1.66,1.62,74,54,1015.996
166371,1698535800,0.70,0.50,0.28,0.28,0.28,0.28,65,43,1019.846
166371,1698488400,7.70,8.60,13.41,13.56,13.41,13.56,65,65,1014.752
166371,1698467400,12.00,13.70,21.47,22.71,21.47,22.71,70.8,58,1014.906
166371,1698530400,0.70,0.70,0.34,0.24,0.34,0.24,67.75,40.75,1018.832
166371,1698462000,15.60,17.70,27.61,28.87,27.67,29.21,71,58,1014.862
166371,1698456600,14.10,15.00,24.26,24.95,24.26,24.95,72,57,1014.74
166371,1698500400,8.30,9.30,14.24,14.36,14.24,14.36,70.2,61.2,1014.946
166371,1698532200,0.70,0.60,0.42,0.24,0.42,0.24,67,41.4,1019.074
166371,1698502200,7.30,7.80,12.37,12.17,12.37,12.17,72.8,58.4,1014.972
166371,1698481800,9.40,9.80,16.24,15.93,16.24,15.93,66,63.6,1014.148
166371,1698487200,8.80,10.00,15.61,16.54,15.61,16.54,65,65,1014.658
166371,1698468000,11.90,13.30,21.20,22.00,21.20,22.00,70,58.2,1014.964
166371,1698489600,7.80,8.50,13.23,13.70,13.23,13.70,64,65,1014.962
166371,1698508800,6.20,7.10,10.17,10.91,10.17,10.91,79,51,1014.158
166371,1698512400,7.10,8.00,11.80,12.19,11.80,12.19,78.2,51.8,1013.764
166371,1698453000,9.10,10.50,15.97,16.73,15.97,16.73,72.8,55.4,1014.496
166371,1698486600,9.20,10.00,16.12,16.19,16.12,16.19,65,65,1014.648
166371,1698524400,1.30,1.10,1.22,0.98,1.22,0.98,72.8,46,1017.242
166371,1698484200,8.70,9.90,14.90,16.03,14.90,16.03,65,64,1014.206
166371,1698479400,8.50,9.10,15.10,14.96,15.10,14.96,66,63,1014.234
166371,1698504600,6.00,7.20,10.23,11.24,10.23,11.24,75.6,55.4,1014.742
166371,1698480600,9.10,10.30,15.94,16.20,15.94,16.20,66,63,1014.17
166371,1698491400,8.00,8.90,14.33,14.77,14.33,14.77,64,65,1015.012
166371,1698361800,9.00,10.30,15.80,16.69,15.80,16.69,73,49.8,1020.838
166371,1698363000,8.70,9.80,15.51,15.79,15.51,15.79,72,51,1020.792
166371,1698385800,13.60,14.40,24.17,23.58,24.17,23.58,66.8,63,1019.926
166371,1698388800,12.40,13.80,21.84,22.91,21.84,22.91,67,64,1019.788
166371,1698368400,17.60,21.70,29.61,32.76,31.93,36.67,70,56,1020.392
166371,1698429000,4.50,5.20,7.67,7.77,7.67,7.77,84,37,1016.148
166371,1698408600,13.50,15.20,24.48,25.66,24.48,25.66,64.8,65.4,1019.584
166371,1698417000,7.80,9.00,13.23,14.53,13.23,14.53,73,47,1019.09
166371,1698415200,8.00,9.30,13.90,14.85,13.90,14.85,71.6,50.4,1019.254
166371,1698415800,8.10,9.00,14.09,14.25,14.10,14.25,72.6,49,1019
166371,1698393600,12.50,13.90,22.12,23.23,22.12,23.23,65.8,64.6,1019.596
166371,1698375600,11.90,13.30,21.23,21.51,21.23,21.51,68,60,1020.596
166371,1698402600,13.40,15.10,23.69,25.70,23.69,25.71,65,65,1019.33
166371,1698447600,6.80,7.40,11.58,11.73,11.58,11.73,75,51.6,1014.846
166371,1698374400,12.40,13.70,22.36,22.54,22.36,22.54,68,59,1020.432
166371,1698396000,12.60,13.90,22.40,23.69,22.40,23.69,65,65,1019.522
166371,1698366000,10.80,12.20,18.97,19.36,18.97,19.36,70.4,54.2,1019.902
166371,1698409800,15.10,16.00,26.68,27.06,26.71,27.08,66,65.2,1019.692
166371,1698448800,7.40,8.30,12.79,13.34,12.79,13.34,74,53.4,1014.748
166371,1698407400,17.20,18.70,30.49,31.07,31.75,32.41,64,65,1019.626
166371,1698445800,5.60,6.50,9.66,9.94,9.66,9.94,77,48.8,1014.7
166371,1698387000,13.20,14.40,23.09,23.56,23.09,23.56,67,63,1019.854
166371,1698436800,4.60,5.20,7.53,7.60,7.53,7.60,84,36.8,1015.168
166371,1698444600,5.00,5.50,8.56,8.52,8.56,8.52,78.8,46.6,1014.72
166371,1698424200,6.20,7.50,10.46,11.51,10.46,11.51,79.2,41,1017.566
166371,1698414600,9.10,10.00,15.61,15.64,15.61,15.64,71,52.2,1019.526
166371,1698377400,11.50,13.00,20.70,21.48,20.70,21.48,68,60.8,1020.622
166371,1698538800,0.50,0.50,0.12,0.09,0.12,0.09,64,43.4,1020.284
166371,1698592200,0.90,0.80,0.97,0.55,0.97,0.55,52,65.2,1024.176
166371,1698604800,1.60,1.80,2.05,2.19,2.05,2.19,49.8,69,1021.286
166371,1698573600,1.00,1.00,1.14,0.94,1.14,0.94,56.8,55,1022.36
166371,1698616800,1.50,1.50,2.05,1.69,2.05,1.69,51,70.4,1021.05
166371,1698594000,1.00,0.80,0.98,0.58,0.98,0.58,51,66.2,1024.17
166371,1698589200,1.00,0.70,0.87,0.61,0.87,0.61,53,63.6,1024.016
166371,1698588600,1.20,1.20,1.26,1.23,1.26,1.23,53,62,1024.528
166371,1698552600,0.90,0.90,0.80,0.82,0.80,0.82,60.8,50,1021.772
166371,1698570600,1.20,1.20,1.40,1.17,1.40,1.17,57,58,1022.28
166371,1698571800,1.30,1.10,1.47,1.11,1.47,1.11,57,57,1022.306
166371,1698556200,1.00,1.00,1.02,0.78,1.02,0.78,59.8,52,1021.28
166371,1698553800,0.90,0.80,0.66,0.58,0.66,0.58,60,50.8,1021.672
166371,1698584400,0.80,0.60,0.46,0.24,0.46,0.24,53.8,53.8,1024.866
166371,1698616200,1.60,1.30,2.04,1.34,2.04,1.34,51,70,1020.914
166371,1698600000,1.50,1.30,1.89,1.45,1.89,1.45,51,67.8,1022.824
166371,1698573000,1.00,0.90,0.88,0.83,0.88,0.83,57,56.2,1022.478
166371,1698585600,0.80,0.70,0.49,0.36,0.49,0.36,53.6,57.4,1024.674
166371,1698595800,1.00,0.90,1.05,0.75,1.05,0.75,51,68,1024.206
166371,1698574800,1.00,1.00,1.02,0.79,1.02,0.79,56.4,54.2,1021.842
166371,1698537600,0.60,0.50,0.33,0.05,0.33,0.05,64.2,43.8,1019.624
166371,1698606000,1.80,1.60,2.36,1.91,2.36,1.91,50,70,1021.73
166371,1698544800,0.70,0.70,0.43,0.30,0.43,0.30,63,44.6,1021.582
166371,1698590400,0.90,0.80,0.80,0.50,0.80,0.50,52.4,64,1024.138
166371,1698551400,0.80,0.70,0.65,0.39,0.65,0.39,61,49,1021.814
166371,1698537000,0.60,0.60,0.18,0.12,0.18,0.12,65,43,1020.146
166371,1698535200,0.70,0.50,0.33,0.06,0.33,0.06,65.6,42.4,1019.682
166371,1698514200,7.10,7.40,11.69,11.35,11.69,11.35,77.8,54.6,1014.598
166371,1698501000,7.10,8.40,11.71,13.23,11.71,13.23,71,60.4,1014.864
166371,1698486000,10.00,11.00,17.44,18.31,17.44,18.31,65,64.6,1014.408
166371,1698471600,9.10,10.00,15.79,16.05,15.79,16.05,68,60.8,1014.84
166371,1698490800,8.30,9.10,14.74,14.68,14.74,14.68,64,65,1015.028
166371,1698522600,1.30,1.30,1.20,1.17,1.20,1.17,73.2,47,1016.802
166371,1698483600,9.60,10.10,16.58,16.31,16.58,16.31,65,64,1013.996
166371,1698525600,1.30,1.10,1.33,1.05,1.33,1.05,73,44.6,1017.662
166371,1698493200,8.40,9.60,14.98,15.85,14.98,15.85,64,66,1015.172
166371,1698490200,8.40,8.70,14.45,13.98,14.45,13.98,64,65,1015.004
166371,1698510000,6.40,7.10,10.49,10.78,10.49,10.78,78.8,51,1014.084
166371,1698466800,11.90,13.70,21.28,22.25,21.28,22.25,70.6,58,1014.43
166371,1698519600,1.30,1.20,1.50,1.26,1.50,1.26,74,52,1016.11
166371,1698456000,13.40,15.00,23.68,24.38,23.68,24.40,72,57,1014.716
166371,1698509400,6.40,6.80,10.29,10.18,10.29,10.18,79,51,1014.172
166371,1698471000,8.50,9.90,14.91,15.75,14.91,15.75,68.4,60,1014.92
166371,1698517800,1.80,1.60,2.21,1.85,2.21,1.85,74,54,1015.882
166371,1698464400,13.50,15.00,24.01,24.86,24.02,24.86,71,59,1014.948
166371,1698522000,1.50,1.30,1.52,1.32,1.52,1.32,73.6,48.6,1016.846
166371,1698460200,16.50,18.70,28.47,30.00,28.61,30.73,71,57.6,1014.794
166371,1698474600,7.60,8.70,13.51,13.88,13.51,13.88,67,62,1014.476
166371,1698504000,6.70,7.50,11.10,11.51,11.10,11.51,75,56,1014.836
166371,1698475800,7.30,8.00,12.63,12.73,12.63,12.73,66,62.4,1014.162
166371,1698470400,8.90,9.80,15.90,16.09,15.90,16.09,69,60,1014.982
166371,1698478200,8.20,8.70,14.16,14.09,14.16,14.09,66,63,1014.096
166371,1698513000,6.70,7.30,11.23,11.47,11.23,11.47,78,53,1014.388
166371,1698469800,9.30,10.30,16.27,16.51,16.27,16.51,69,59.6,1014.982
166371,1698438600,5.20,5.90,8.97,9.05,8.97,9.05,83.6,38,1014.59
166371,1698390600,12.50,14.30,22.34,23.41,22.34,23.41,67,64,1019.61
166371,1698391800,12.30,13.70,22.35,22.21,22.35,22.21,65.8,64,1019.518
166371,1698441600,4.80,5.40,8.33,8.43,8.33,8.43,82.4,40.8,1015.088
166371,1698400200,12.70,13.80,22.50,23.40,22.50,23.40,65,65,1019.304
166371,1698403200,13.60,15.00,24.22,25.61,24.22,25.62,65,65,1019.44
166371,1698400800,12.70,13.70,22.32,23.00,22.32,23.00,65,65,1019.304
166371,1698419400,7.80,8.60,13.31,13.46,13.31,13.46,74.2,46.2,1018.72
166371,1698399600,12.40,13.30,21.68,22.74,21.68,22.74,65,65,1019.324
166371,1698410400,14.80,16.70,26.31,27.91,26.32,28.00,66.4,64.2,1019.734
166371,1698401400,13.00,14.10,23.40,23.89,23.40,23.89,65,65,1019.3
166371,1698420000,7.80,8.70,13.66,13.86,13.66,13.86,75,45.6,1018.534
166371,1698431400,5.10,5.80,8.29,8.48,8.29,8.48,84,36,1015.602
166371,1698429600,4.50,5.50,7.32,8.21,7.32,8.21,84,36.8,1016.028
166371,1698447000,6.30,7.40,10.83,12.05,10.83,12.05,75.8,50.8,1014.792
166371,1698433200,4.90,5.90,8.35,8.89,8.35,8.89,84,36.4,1015.308
166371,1698437400,4.70,5.50,7.62,8.55,7.62,8.55,84,37,1015.2
166371,1698580800,0.80,0.70,0.38,0.34,0.38,0.34,55,51,1023.09
166371,1698541200,0.60,0.50,0.18,0.15,0.18,0.15,64,43,1020.938
166371,1698581400,0.70,0.60,0.35,0.16,0.35,0.16,55,51,1023.458
166371,1698538200,0.50,0.60,0.09,0.20,0.09,0.20,64.2,43.4,1020.13
166371,1698562200,1.10,1.00,1.17,0.92,1.17,0.92,58,57.4,1022.27
166371,1698601200,1.80,1.60,2.48,1.79,2.48,1.79,50.8,68.2,1022.568
166371,1698599400,1.40,1.30,1.55,1.39,1.55,1.39,51,68,1022.892
166371,1698610200,1.70,1.60,2.25,1.98,2.25,1.98,50,71,1021.56
166371,1698598800,1.30,1.20,1.49,1.18,1.49,1.18,51,68,1022.93
166371,1698548400,0.70,0.70,0.46,0.30,0.46,0.30,62,46.8,1021.572
166371,1698563400,1.10,1.20,1.20,1.08,1.20,1.08,58,58,1022.246
166371,1698552000,1.10,1.00,1.01,1.04,1.01,1.04,61,49.8,1021.948
166371,1698546000,0.70,0.60,0.51,0.33,0.51,0.33,63,44.8,1021.722
166371,1698613800,1.50,1.40,1.88,1.39,1.88,1.39,51,70.4,1020.958
166371,1698602400,1.80,1.70,2.33,2.18,2.33,2.18,50.2,69,1022.312
166371,1698593400,1.00,0.90,1.04,0.71,1.04,0.71,51.6,65.6,1024.096
166371,1698576000,0.90,0.70,0.64,0.45,0.64,0.45,56,53.8,1022.064
166371,1698554400,0.90,0.80,0.79,0.64,0.79,0.64,60,51,1021.452
166371,1698603000,1.70,1.70,2.26,2.25,2.26,2.25,50,69.2,1022.15
166371,1698605400,1.90,1.70,2.70,2.12,2.70,2.12,50,70,1021.75
166371,1698612600,1.80,1.70,2.42,2.08,2.42,2.08,51,70.2,1020.872
166371,1698588000,1.40,1.50,1.56,1.99,1.56,1.99,52.8,61.4,1024.622
166371,1698562800,1.20,1.00,1.21,1.07,1.21,1.07,58,58,1022.124
166371,1698475200,7.20,7.80,12.33,12.39,12.33,12.39,66.8,62,1014.318
166371,1698534000,0.70,0.80,0.47,0.45,0.47,0.45,66.6,42,1019.458
166371,1698513600,6.40,7.20,10.53,10.82,10.53,10.82,78,54.2,1014.442
166371,1698525000,1.40,1.10,1.21,0.90,1.21,0.90,73,46,1017.48
166371,1698523200,1.30,1.40,1.37,1.40,1.37,1.40,73,46,1016.996
166371,1698473400,7.60,8.30,12.72,13.31,12.72,13.31,67,61,1014.692
166371,1698451200,8.50,9.60,15.19,15.60,15.19,15.60,73,55,1014.718
166371,1698508200,6.30,7.30,10.09,11.01,10.09,11.01,79,51,1014.218
166371,1698526800,0.80,0.80,0.49,0.39,0.49,0.39,71.2,39.4,1018.124
166371,1698531600,0.90,0.60,0.50,0.28,0.50,0.28,67,41.2,1018.904
166371,1698465000,12.50,14.20,22.72,23.17,22.72,23.17,71,58.4,1014.768
166371,1698499200,7.50,8.70,12.48,13.91,12.48,13.91,69,62.4,1015.124
166371,1698472800,7.20,7.80,12.30,12.56,12.30,12.56,67.8,61,1014.772
166371,1698505800,6.90,7.50,11.68,12.07,11.68,12.07,76.6,54,1014.564
166371,1698463200,14.60,16.60,25.74,27.15,25.77,27.18,71,59,1014.886
166371,1698520200,1.40,1.30,1.38,1.51,1.38,1.51,73.4,51.2,1016.392
166371,1698460800,15.70,17.60,28.19,29.04,28.30,29.36,71,58,1014.848
166371,1698493800,9.30,10.60,16.45,17.65,16.45,17.65,64,66.6,1015.166
166371,1698495000,10.10,11.30,17.73,18.49,17.73,18.49,65,66.6,1015.112
166371,1698362400,8.60,9.30,15.03,15.24,15.03,15.24,72.8,50.2,1020.776
